subject,7-up,7-down,GAD-7,BIS,BAS,SHAPS,PSWQ,Acc,Pts,WS,LS,Pers,beta,eta_p,eta_n,kappa,gad7_q01,gad7_q02,gad7_q03,gad7_q04,gad7_q05,gad7_q06,gad7_q07,gad7_q08,gad7_rt,7u7d_q01,7u7d_q02,7u7d_q03,7u7d_q04,7u7d_q05,7u7d_q06,7u7d_q07,7u7d_q08,7u7d_q09,7u7d_q10,7u7d_q11,7u7d_q12,7u7d_q13,7u7d_q14,7u7d_q15,7u7d_rt,bisbas_q01,bisbas_q02,bisbas_q03,bisbas_q04,bisbas_q05,bisbas_q06,bisbas_q07,bisbas_q08,bisbas_q09,bisbas_q10,bisbas_q11,bisbas_q12,bisbas_q13,bisbas_rt,pswq_q01,pswq_q02,pswq_q03,pswq_rt,shaps_q01,shaps_q02,shaps_q03,shaps_q04,shaps_q05,shaps_q06,shaps_q07,shaps_q08,shaps_q09,shaps_q10,shaps_q11,shaps_q12,shaps_q13,shaps_q14,shaps_q15,shaps_rt
02hfkd0x4jtnoiwsds69adoq,14,9,1,9,11,2,4,0.6777777777777778,80.0,0.475,0.5555555555555556,0.1733333333333333,4.54636,0.07695175,0.008915365,0.7923450671424096,0,1,0,0,0,0,0,0,31.149,2,1,2,2,0,2,3,1,2,3,2,1,2,0,0,107.252,2,3,2,2,1,1,1,2,1,1,1,3,3,108.18,1,2,1,37.384,0,0,0,0,0,1,0,0,1,0,0,0,0,0,3,54.828
02rwq76tp9lcye8vrl41llnh,12,11,15,7,17,13,6,0.3888888888888889,38.0,0.7297297297297297,0.8076923076923077,0.28,2.804795,0.8349439999999999,0.9575445,-0.06839681258764,2,1,3,3,2,3,1,2,64.924,3,1,1,2,1,2,1,2,2,2,1,2,1,2,1,94.724,1,2,3,1,3,3,2,2,1,2,2,2,2,85.702,3,2,1,23.108,1,2,0,2,1,1,0,2,1,1,1,0,0,1,1,68.595
0a8zkiu9rpf0mxo0h9ecdyzh,1,5,11,5,17,10,7,0.7666666666666667,68.0,0.9552238805970148,0.9545454545454546,0.1466666666666666,7.483729999999999,0.508517,0.963607,-0.3091383606272297,2,3,0,1,1,2,2,0,35.396,0,1,0,0,2,0,0,1,1,0,1,0,0,0,0,80.321,1,1,2,1,2,2,1,2,2,3,2,3,3,59.573,3,2,2,10.685,1,1,1,1,1,0,1,1,0,1,1,0,1,0,3,74.198
0do1x8qmwi6ok206agh1xqwb,10,9,0,12,21,17,3,0.6444444444444445,57.0,1.0,0.6060606060606061,0.24,11.0869,0.6784665,0.9716145,-0.1776567332149149,0,0,0,0,0,0,0,0,14.695,2,2,2,1,1,2,1,1,1,1,1,1,1,2,1,25.078,3,3,3,3,3,3,3,3,3,2,2,2,2,21.654,1,1,1,8.589,1,2,1,1,1,2,1,1,2,1,1,1,1,1,1,38.256
0g4fx9g2wryeio74yzgqwpq8,0,0,0,9,14,12,1,0.7222222222222222,58.0,1.0,0.625,0.24,12.63825,0.8068,0.833412,-0.0162247319248975,0,0,0,0,0,0,0,0,15.61,0,0,0,0,0,0,0,0,0,0,0,0,0,0,0,59.109,2,2,3,2,2,1,1,2,2,2,2,2,3,59.182,1,0,0,10.294,1,1,1,1,1,1,1,1,1,0,1,0,1,1,3,49.863
0imgqq6qokryvins8vmkeh7v,9,4,4,9,14,10,1,0.5666666666666667,50.0,0.88,0.9743589743589745,0.2133333333333333,2.810735,0.7872325,0.947144,-0.0922011454836939,1,1,1,1,0,0,0,0,85.299,1,1,1,1,0,1,2,1,1,0,1,1,2,0,0,232.128,3,3,2,1,1,1,1,2,2,2,2,3,3,95.755,0,0,1,20.465,2,0,0,0,1,1,1,1,1,0,1,1,1,0,2,124.085
0k1tzkzdb7dvx6z9q0nyovde,2,3,0,7,14,14,0,0.6555555555555556,51.0,1.0,0.3846153846153846,0.2,12.01845,0.9284815,0.4569765,0.3403242826559881,0,0,0,0,0,0,0,0,12.828,0,0,0,0,1,1,1,0,0,1,0,1,0,0,0,67.502,2,2,2,1,2,1,1,2,2,2,2,2,3,320.642,0,0,0,6.69,1,1,1,1,1,1,1,1,1,1,1,1,1,1,3,36.626
0kw0yjeyfmbqohivbcjol0y4,8,9,8,10,14,9,6,0.5777777777777777,50.0,0.86,0.7948717948717949,0.2,3.916325,0.353218,0.9651915,-0.4641755842930439,2,1,0,0,3,2,0,0,41.721,1,1,2,1,1,1,2,0,2,1,2,2,1,0,0,183.973,2,4,3,1,1,1,1,1,3,2,3,2,3,134.627,2,3,1,26.104,1,1,0,0,0,1,1,1,0,1,1,0,1,1,2,85.357
0lq9i4x81dgnwglgvgnh34rj,0,2,0,5,8,0,4,0.6666666666666666,57.0,0.9824561403508772,0.46875,0.2533333333333333,10.1088,0.624225,0.3384574999999999,0.2968450138025778,0,0,0,0,0,0,0,0,44.454,0,0,0,0,1,0,0,0,0,0,1,0,0,0,0,143.86,1,2,1,1,1,1,1,1,1,1,1,1,3,55.767,1,2,1,28.727,0,0,0,0,0,0,0,0,0,0,0,0,0,0,3,56.383
0piu71owxiz9tgsitq7ktqh6,15,15,15,6,15,6,11,0.5888888888888889,54.0,0.981132075471698,1.0,0.24,5.451965,0.902129,0.9737155,-0.0381622783764859,2,3,2,2,2,2,2,3,13.061,3,2,3,2,3,2,3,1,3,2,1,2,1,2,3,37.804,1,2,2,1,2,3,2,2,1,2,1,2,3,23.623,4,4,3,20.59,0,0,0,1,0,0,0,0,1,1,0,1,1,1,3,28.141
0tztck6s2pmdsciuznilgj90,9,16,14,8,18,16,7,0.5333333333333333,47.0,0.9565217391304348,0.6511627906976745,0.28,4.325089999999999,0.813617,0.8378595,-0.0146792885033483,2,3,2,1,2,2,2,0,25.847,1,2,0,3,3,1,2,1,1,3,2,3,1,2,3,44.446,2,1,3,2,2,2,4,2,2,3,2,1,1,26.862,2,3,2,8.096,0,2,1,1,0,1,2,0,0,2,0,2,2,3,2,27.188
0vl2swi8jsl18qhae18l9lfn,0,10,2,4,17,5,6,0.7333333333333333,53.0,1.0,0.6216216216216216,0.2,11.79215,0.783912,0.8127504999999999,-0.0180617381569366,0,0,1,0,0,1,0,0,19.821,0,1,0,0,2,0,0,0,2,2,1,1,0,1,0,54.65,1,1,1,1,1,1,1,2,3,3,3,3,3,52.872,3,2,1,10.934,0,1,0,0,0,1,1,0,0,0,1,0,1,0,3,42.614
12c8bstpywx1b84b0gh2tof4,13,2,3,6,19,8,6,0.6,46.0,0.9782608695652174,0.6046511627906976,0.24,9.37938,0.4870069999999999,0.8474254999999999,-0.2700912185517064,0,0,1,0,0,0,2,0,107.89,0,0,2,1,1,2,3,3,0,1,0,0,2,0,0,239.338,1,2,2,1,1,1,2,3,3,3,2,4,3,123.659,2,3,1,18.746,0,0,0,1,1,2,1,0,1,1,1,0,0,0,3,131.811
19h68mzzzd51m1ysm4jbmlml,15,12,15,9,16,17,10,0.6444444444444445,54.0,0.9433962264150944,0.8611111111111112,0.2,3.22464,0.9290865,0.940508,-0.006109078733383,2,1,2,3,3,2,2,2,39.284,1,2,3,2,1,1,3,2,2,1,2,2,3,2,2,25.79,2,2,2,3,1,2,2,1,2,2,3,3,2,34.175,4,3,3,23.287,1,1,1,2,1,0,1,2,1,2,1,1,2,1,3,37.11
1bkivj7fl2s7bnshyc0xs9xo,13,12,13,9,17,6,7,0.6555555555555556,59.0,0.9827586206896552,0.8387096774193549,0.2133333333333333,5.62675,0.4308015,0.9527135,-0.3772362424693624,2,2,3,1,1,2,2,2,7.584,2,1,2,2,3,2,2,2,2,1,2,2,1,1,1,26.337,2,1,3,3,2,2,2,2,3,3,1,2,3,185.139,2,2,3,6.265,1,1,0,1,0,0,1,0,0,0,0,1,0,1,3,27.165
1dhmst23cwb07eov3r1qc7i1,10,7,8,10,17,11,4,0.4444444444444444,42.0,0.3170731707317073,1.0,0.2933333333333333,0.9909415,0.7844725,0.7389920000000001,0.0298533375736683,2,1,1,1,1,1,1,0,44.096,2,1,2,1,1,1,2,1,0,1,2,2,1,0,1,129.328,3,2,3,2,2,2,2,2,2,2,3,2,1,70.22,2,1,1,19.849,2,1,1,1,0,1,0,1,1,1,0,0,1,1,2,57.487
1emkh8fj8n8ujo3jfrrswpna,4,4,2,10,19,13,1,0.6222222222222222,52.0,1.0,0.7894736842105263,0.16,4.91724,0.9156615,0.97684,-0.0323267907581578,1,0,0,1,0,0,0,0,20.026,0,0,2,0,1,1,1,0,1,1,1,0,0,0,0,117.054,2,3,3,2,2,2,2,2,3,3,1,4,2,366.432,1,0,0,15.632,1,1,0,1,1,1,1,2,1,1,1,0,0,2,3,109.761
1gzcp8taimbcpvzulsjo6w7a,10,5,4,9,17,14,4,0.6444444444444445,61.0,0.9,0.9310344827586208,0.2533333333333333,3.3704850000000004,0.8464725,0.8434205,0.0018060315061367,0,0,1,1,1,1,0,0,23.635,1,1,2,1,1,2,1,1,1,1,1,0,2,0,1,115.554,3,2,2,2,2,2,2,2,2,2,2,3,3,50.405,1,2,1,14.678,1,1,1,1,1,1,1,1,1,1,1,1,1,1,2,51.233
1h67fnjgm45dzniy6y91vld7,9,0,1,15,11,13,2,0.7333333333333333,52.0,0.9607843137254902,0.5789473684210527,0.1466666666666666,8.240504999999999,0.4001409999999999,0.7664595000000001,-0.314005094288919,0,0,0,1,0,0,0,0,22.298,1,0,1,1,0,1,2,1,0,0,0,0,2,0,0,590.535,4,4,4,3,2,1,1,2,1,1,1,2,3,72.517,1,0,1,7.298,1,1,1,0,1,2,2,0,1,1,1,0,2,0,3,68.149
1i545xikf02ck7ekr6psckaq,6,0,0,15,21,14,0,0.5222222222222223,37.0,0.8055555555555556,0.7735849056603774,0.2533333333333333,2.7385,0.7559845000000001,0.7043885,0.035330699759582,0,0,0,0,0,0,0,0,17.328,0,0,1,1,0,3,1,0,0,0,0,0,0,0,0,45.556,3,4,4,4,2,2,2,2,3,3,3,4,3,33.263,0,0,0,4.336,1,1,1,1,1,1,1,1,1,1,1,1,1,1,3,22.673
1id28gbzeshkr8a3rjqtu7gm,7,9,7,12,17,10,6,0.5777777777777777,53.0,0.8076923076923077,0.945945945945946,0.2,3.826595,0.3417455,0.926258,-0.4609707307590239,1,1,2,0,0,2,1,0,19.075,1,1,1,1,1,1,2,0,1,2,2,1,1,1,1,49.2,4,4,2,2,1,2,1,2,3,1,4,3,3,60.391,2,3,1,10.696,0,1,1,1,2,1,0,1,0,0,1,1,1,0,3,39.862
1sxr2nbpa4aj8f9ggyd14vjn,6,0,0,11,13,11,0,0.4555555555555555,48.0,0.3617021276595745,0.9523809523809524,0.2533333333333333,1.574,0.5313755,0.8407724999999999,-0.225483694178762,0,0,0,0,0,0,0,0,29.226,1,0,1,1,0,1,1,0,0,0,0,0,1,0,0,165.648,4,2,3,2,1,1,1,2,2,2,2,2,3,98.705,0,0,0,20.275,1,1,1,0,1,1,0,1,1,1,0,1,1,1,3,88.562
1u2wyleqh3t6iqx93tokdv0k,3,8,10,5,16,7,7,0.6555555555555556,54.0,0.981132075471698,0.9166666666666666,0.12,8.05582,0.6149835,0.9876355,-0.232526882559111,2,1,2,1,1,2,1,0,33.0,0,1,1,1,2,0,0,0,1,1,1,1,1,1,0,115.469,2,1,1,1,2,1,1,3,2,2,2,3,3,66.776,2,2,3,21.481,1,0,1,1,0,1,0,0,1,0,1,0,0,1,3,55.867
1ujw1gehpdx2ufvvvly3gx69,2,0,1,11,16,20,0,0.7222222222222222,54.0,1.0,0.25,0.1733333333333333,11.7174,0.930285,0.4098555,0.3883395061935671,0,0,0,0,0,1,0,0,14.003,0,0,1,0,0,0,0,0,0,0,0,0,1,0,0,122.027,3,2,3,3,2,2,2,2,2,2,2,2,3,77.208,0,0,0,17.831,1,2,1,1,1,2,1,1,2,2,2,1,1,2,2,63.777
1ww0gs6eyl6uksonzztb0ezu,0,0,0,12,17,9,0,0.5333333333333333,53.0,0.9423076923076924,0.4054054054054054,0.3333333333333333,2.738185,0.963664,0.9563175,0.0038263389517035,0,0,0,0,0,0,0,0,14.94,0,0,0,0,0,0,0,0,0,0,0,0,0,0,0,89.905,4,4,2,2,2,1,2,2,2,2,2,4,2,67.32,0,0,0,5.525,1,1,0,1,0,0,1,0,1,1,1,1,0,1,3,48.415
25fuwx9wj8mwr4avjszslbbx,6,4,9,4,16,5,6,0.6333333333333333,53.0,0.9056603773584906,0.7222222222222222,0.2,4.436030000000001,0.460594,0.785183,-0.2605514470085737,1,1,2,1,0,2,2,0,45.649,1,1,1,0,1,1,2,1,0,0,1,1,0,0,1,189.336,1,1,1,1,1,1,1,2,3,3,2,3,3,93.79,2,2,2,21.134,1,0,1,0,0,0,0,1,2,0,0,0,0,0,3,98.772
26drsd0sb4o6mw8hh3db4y8y,14,2,0,8,12,14,3,0.6555555555555556,53.0,0.981132075471698,0.9166666666666666,0.2266666666666666,8.286675,0.5906975,0.9619555,-0.2391120230985287,0,0,0,0,0,0,0,0,18.683,3,2,2,3,0,3,2,1,0,0,0,0,0,0,0,272.358,2,2,2,2,2,1,2,1,1,2,2,1,3,133.743,1,1,1,28.786,1,1,1,1,1,1,1,1,1,1,1,1,1,1,2,36.056
2g95z4j2bkkzbjeeh5wex9qe,7,7,14,10,19,15,6,0.4333333333333333,35.0,0.8285714285714286,0.7777777777777778,0.2266666666666666,2.47781,0.81553,0.9832375,-0.0932346731859453,2,2,2,2,2,2,2,0,128.561,1,1,1,1,1,1,1,1,1,1,1,1,1,1,1,63.926,2,3,3,2,2,2,2,2,3,2,3,3,3,94.347,2,2,2,13.147,1,1,1,1,1,1,1,1,2,1,1,1,1,1,2,52.579
2gbv6cbysitn0o9t9m53f3xi,1,0,4,10,13,16,6,0.6111111111111112,47.0,1.0,0.2790697674418605,0.2933333333333333,9.81561,0.8670185,0.403324,0.3650153403511258,1,1,1,0,0,1,0,0,35.746,0,0,0,0,0,0,1,0,0,0,0,0,0,0,0,129.595,2,3,3,2,2,1,1,2,2,2,1,2,3,64.677,2,2,2,12.264,1,1,1,1,1,2,1,2,1,1,1,1,1,1,2,65.497
2l792wi6dr04cwnd2lxldsg3,1,0,0,9,9,0,3,0.5333333333333333,52.0,1.0,0.2631578947368421,0.4,16.2059,0.871705,0.665119,0.1344239808852542,0,0,0,0,0,0,0,0,13.171,0,0,1,0,0,0,0,0,0,0,0,0,0,0,0,61.012,3,2,2,2,1,1,2,1,1,1,1,1,3,24.958,1,1,1,7.638,0,0,0,0,0,0,0,0,0,0,0,0,0,0,3,36.021
2leyyrsxpwbmugus6n9l7hgm,7,1,3,7,10,8,8,0.5777777777777777,56.0,0.8363636363636363,0.8823529411764706,0.2266666666666666,2.8034100000000004,0.76031,0.96003,-0.116093330388179,0,2,1,0,0,0,0,0,70.28,1,0,1,0,1,1,2,0,0,0,0,0,2,0,0,303.346,2,2,2,1,1,1,1,2,1,1,1,2,3,113.826,3,2,3,13.29,0,0,0,1,1,1,0,0,3,1,1,0,0,0,0,160.415
2n2791gfw1ojwu32i7nsvght,2,11,21,6,16,17,12,0.5222222222222223,53.0,1.0,0.5277777777777778,0.2933333333333333,10.8075,0.78552,0.9798755,-0.1100917613078769,3,3,3,3,3,3,3,0,22.221,0,1,0,0,2,0,1,0,2,2,2,1,1,1,0,125.964,2,1,1,2,1,1,1,2,3,3,2,3,3,65.629,4,4,4,8.578,2,1,2,1,1,1,1,1,2,1,1,1,1,1,3,67.375
2sdnu1yjjuxyew3zpe8nwlhb,2,3,5,11,15,8,4,0.5888888888888889,51.0,0.98,0.2051282051282051,0.2933333333333333,8.74334,0.2724284999999999,0.34314,-0.1148718623516311,1,1,1,1,0,0,1,0,34.09,0,0,1,0,0,0,0,1,1,1,1,0,0,0,0,116.659,3,2,3,3,1,1,2,2,2,2,2,3,3,68.019,0,3,1,16.374,0,0,0,0,0,2,1,0,1,1,1,1,0,1,3,70.023
2tbdv5xl54zpvqubll7hx9xl,13,9,7,10,18,10,4,0.5444444444444444,44.0,0.8372093023255814,0.8913043478260869,0.2,2.42822,0.943931,0.937771,0.0032736320628877,2,1,0,1,0,2,1,1,23.012,1,2,1,3,1,2,2,3,1,1,1,1,1,2,1,139.925,2,3,2,3,2,3,1,3,2,3,1,3,0,99.872,2,1,1,30.744,1,1,1,2,0,1,0,0,1,1,1,1,0,0,3,65.585
354ipv8jxmf3sgg4kl6iwjyg,1,14,6,4,14,3,8,0.5777777777777777,53.0,1.0,0.7297297297297297,0.2,13.05685,0.6150599999999999,0.872657,-0.1731491943696281,1,1,1,1,0,1,1,0,26.76,0,2,0,0,2,0,1,0,2,2,2,2,0,2,0,87.703,1,1,1,1,1,1,1,3,2,2,2,2,3,40.768,3,2,3,9.609,0,1,0,0,0,0,0,1,0,0,0,0,1,0,3,46.856
381z8zb2qt43qj83bpagb37k,14,14,14,8,19,12,8,0.6,50.0,0.8163265306122449,0.95,0.2133333333333333,2.75434,0.7673355,0.918481,-0.0896571483313872,2,3,2,1,2,2,2,1,39.144,3,2,2,3,2,2,2,1,1,2,2,2,1,3,2,66.612,2,3,2,1,2,2,3,2,2,3,2,3,2,53.043,3,3,2,14.819,1,1,0,1,1,1,1,1,0,1,2,1,1,0,1,93.272
3h1i9f440aazwely8ptjns7x,5,6,5,8,17,12,6,0.7666666666666667,50.0,1.0,0.5641025641025641,0.1733333333333333,7.841005,0.950302,0.543965,0.2719306522863718,1,0,1,1,0,1,1,0,19.351,1,1,1,1,1,0,1,1,1,1,1,1,0,0,0,66.107,2,2,2,2,2,1,1,2,3,3,2,3,3,61.032,2,2,2,9.477,0,1,1,0,1,1,1,1,1,1,1,1,1,1,3,50.776
3h34cgrzlp4wtlx1eo4tv73k,4,0,0,13,8,3,0,0.6111111111111112,46.0,0.9777777777777776,0.8636363636363636,0.2266666666666666,5.324525,0.7328995,0.9385385,-0.1230311863198036,0,0,0,0,0,0,0,0,15.861,0,0,1,0,0,1,1,1,0,0,0,0,0,0,0,265.812,3,4,3,3,1,1,1,1,1,1,1,1,3,35.485,0,0,0,9.025,0,0,0,0,0,1,0,0,2,0,0,0,0,0,3,45.348
3qz20dlryiffihwsltdnk6cn,4,4,0,8,16,15,4,0.3222222222222222,38.0,0.7567567567567568,0.1538461538461538,0.2,-5.700245,0.9806805,0.102824,0.8102010651547824,0,0,0,0,0,0,0,0,20.067,1,1,1,1,1,0,0,0,0,1,0,1,1,0,0,123.008,1,2,2,3,1,1,1,2,2,3,3,3,3,72.475,2,1,1,19.218,1,1,1,1,1,1,1,1,1,1,1,1,1,2,3,47.561
3xzn2gdh051u5slem3dme6y4,14,10,18,9,19,8,7,0.6333333333333333,47.0,1.0,0.7441860465116279,0.1866666666666666,11.12915,0.7715805,0.923403,-0.0895716683967719,3,2,3,3,2,2,3,0,25.39,2,2,1,2,2,1,3,2,1,2,1,1,3,1,0,126.376,1,4,2,2,2,2,1,2,3,3,3,3,3,63.557,2,2,3,13.128,1,0,1,1,0,0,0,0,1,1,1,1,1,0,3,64.783
3yg7loing1p7y2bbmo5b777o,6,15,16,6,19,6,12,0.4,37.0,0.9722222222222222,0.5471698113207547,0.3066666666666666,4.365069999999999,0.7209615,0.8433710000000001,-0.0782503080387322,2,3,3,3,2,1,2,0,35.404,1,1,0,1,2,1,1,0,2,2,3,3,2,2,0,106.385,1,2,1,2,2,1,1,3,3,3,3,3,3,56.195,4,4,4,11.892,0,1,0,0,1,0,1,1,1,0,0,0,0,1,3,58.558
4558saz9j220kta4eyyti4lz,1,0,5,8,13,0,9,0.6222222222222222,50.0,1.0,0.4102564102564102,0.2133333333333333,17.182,0.8671115,0.771352,0.0584446952892145,1,2,1,1,0,0,0,0,35.573,0,0,0,0,0,0,0,0,0,0,0,0,1,0,0,111.908,3,1,2,2,2,1,2,1,2,2,1,2,3,62.052,3,3,3,7.277,0,0,0,0,0,0,0,0,0,0,0,0,0,0,3,64.087
465libnx33ipciqmfy8yh88w,1,1,0,6,11,2,1,0.6444444444444445,55.0,1.0,0.3142857142857143,0.24,5.86575,0.810441,0.602995,0.1467671688000023,0,0,0,0,0,0,0,0,29.155,0,0,1,0,0,0,0,0,1,0,0,0,0,0,0,151.082,2,1,1,2,1,2,1,1,1,1,2,2,3,107.607,1,0,0,16.48,0,0,0,0,1,0,0,1,0,0,0,0,0,0,2,65.056
48kl2yj4bk3oit3lc8y2c8qf,15,11,12,12,18,13,3,0.4111111111111111,39.0,0.282051282051282,0.8200000000000001,0.44,-9.512845,0.0009973725,0.4542195,-0.995618033687888,2,3,1,2,1,2,1,2,9.756,3,2,1,2,1,2,2,3,2,1,2,1,2,2,1,30.858,3,4,2,3,3,3,1,2,1,2,3,3,2,14.766,1,2,0,12.533,1,0,1,2,2,1,1,0,1,2,0,1,1,0,1,35.831
49siubkt857w9wa5ym6zyrss,2,20,15,6,12,3,10,0.5444444444444444,50.0,0.9387755102040816,0.975,0.1866666666666666,5.196664999999999,0.4043489999999999,0.948921,-0.4024119355339289,1,2,3,2,2,3,2,0,21.247,0,3,0,0,3,0,1,0,3,3,3,3,1,2,0,71.302,1,2,2,1,1,1,1,1,2,2,2,2,3,48.898,4,3,3,35.623,0,1,1,0,0,0,1,0,0,0,0,0,0,0,3,184.201
4kfljupnt4llnjgshhe5xho5,3,5,2,7,15,5,3,0.5666666666666667,45.0,1.0,0.2444444444444444,0.2533333333333333,6.608695,0.8672495,0.435439,0.3314764043744916,1,0,0,0,0,1,0,0,46.587,0,0,1,0,1,0,0,0,0,1,1,1,2,1,0,174.881,4,1,1,1,1,1,2,1,2,3,3,2,3,97.33,1,1,1,21.186,2,0,0,1,0,0,0,1,0,1,0,0,0,0,3,82.4
4szus5mziv7x6mwgfpa0oiq8,0,19,8,4,20,1,8,0.4222222222222222,40.0,0.925,0.6122448979591837,0.3466666666666667,8.110994999999999,0.220225,0.955872,-0.6254985770731496,3,1,1,1,0,1,1,0,27.085,0,2,0,0,3,0,0,0,3,3,3,3,0,2,0,80.775,1,1,1,1,2,2,2,2,3,3,3,3,3,59.97,3,2,3,9.745,0,0,0,0,1,0,0,0,0,0,0,0,0,0,3,56.627
4vw992lb5egmeaykdxcetamb,2,1,9,4,16,5,12,0.4888888888888889,39.0,1.0,0.8431372549019608,0.2533333333333333,10.3198,0.8001115,0.992999,-0.1075714519545783,2,1,1,1,1,2,1,0,18.35,0,0,1,0,0,0,1,0,0,0,1,0,0,0,0,217.04,1,1,1,1,2,1,1,2,3,2,2,3,3,44.764,4,4,4,8.776,0,1,0,0,1,0,0,0,0,0,0,2,0,1,3,39.426
54j8pa9apq5tj4fkft6dso0v,5,4,7,8,17,6,4,0.7222222222222222,60.0,0.9661016949152542,0.5,0.12,4.881395,0.6470685,0.695669,-0.0361950865303158,1,1,2,2,0,0,1,0,21.474,0,0,1,0,1,0,2,1,0,1,1,1,1,0,0,74.533,2,2,2,2,1,1,1,2,3,3,3,3,3,45.856,2,1,1,6.089,1,0,0,0,0,1,1,0,1,0,1,0,1,0,3,37.091
54ju60u1l79ogrexh490fh3s,13,9,11,4,11,0,9,0.6555555555555556,55.0,0.9629629629629628,0.9714285714285714,0.1466666666666666,5.02557,0.8663225,0.9714015,-0.0571788799623882,2,2,2,1,1,1,2,0,13.667,2,1,1,2,1,2,2,2,1,2,2,1,2,1,2,30.19,1,1,1,1,2,1,1,1,1,2,1,2,3,30.625,3,3,3,4.682,0,0,0,0,0,0,0,0,0,0,0,0,0,0,2,33.701
5a7qv48urh69t3za7xww81ue,5,11,3,4,13,14,11,0.5111111111111111,37.0,0.7777777777777778,0.5849056603773585,0.36,8.81111,0.2275154999999999,0.7420614999999999,-0.530691218954245,0,1,1,0,0,1,0,0,36.237,0,2,1,1,1,1,1,0,2,2,1,2,1,1,0,139.151,1,1,1,1,1,1,1,1,2,2,2,3,3,71.517,4,3,4,12.907,1,1,0,1,1,1,1,2,1,1,1,1,1,1,2,66.121
5ia4n00eepgph445l075pzvt,1,1,10,9,12,8,6,0.6555555555555556,56.0,0.9636363636363636,0.3823529411764705,0.2,6.710575,0.4654805,0.588457,-0.1166829152582577,2,2,1,2,0,1,2,0,19.833,0,0,0,0,0,0,0,1,1,0,0,0,0,0,0,74.805,2,3,3,1,2,1,1,2,1,1,2,2,3,45.355,2,2,2,8.955,0,0,0,1,1,1,1,0,0,0,1,1,1,1,3,45.106
5lukl1r5qtcpaaxcy1z4k2pb,0,1,0,8,18,14,0,0.6666666666666666,52.0,0.9615384615384616,0.5135135135135135,0.2,11.66765,0.320986,0.767697,-0.4103223803439568,0,0,0,0,0,0,0,0,16.248,0,0,0,0,0,0,0,0,1,0,0,0,0,0,0,80.394,2,2,2,2,2,1,1,2,3,3,2,4,3,43.97,0,0,0,10.478,1,1,1,1,1,1,1,1,1,1,1,1,1,1,2,39.866
5m3nhzzzppo3vc3k6if20tnm,17,5,7,9,10,2,4,0.4111111111111111,42.0,0.6097560975609756,0.6875,0.3066666666666666,1.456275,0.7325225,0.9657295,-0.1373217873436922,0,1,1,2,1,0,2,0,24.308,1,2,2,2,1,3,3,3,0,1,0,0,3,1,1,129.089,2,4,2,1,1,1,1,1,1,2,2,1,1,62.647,0,4,0,111.408,0,0,0,0,0,0,0,2,0,0,0,0,0,0,3,394.317
5moe0thth6evd7ri4hpzlxwm,5,11,1,6,12,4,4,0.5777777777777777,55.0,0.9814814814814816,0.7142857142857143,0.2,6.652775,0.8491895,0.991957,-0.0775427159109826,0,0,0,1,0,0,0,0,20.435,0,1,1,1,2,0,1,1,2,2,1,2,1,1,0,73.111,1,3,1,1,1,1,1,1,2,2,1,3,3,51.676,1,2,1,12.249,0,0,0,1,1,0,0,0,1,0,0,1,0,0,3,51.668
5sg7gnocyd7oke5w09iyjmkw,2,3,0,9,14,10,6,0.4222222222222222,40.0,0.3333333333333333,0.84,0.4666666666666667,3.0532250000000003,0.7004595,0.1606675,0.6268436595298952,0,0,0,0,0,0,0,0,15.75,0,0,0,0,2,0,1,1,0,0,1,0,0,0,0,119.079,2,2,3,2,1,2,2,2,1,2,2,2,3,119.177,2,2,2,8.241,0,1,0,0,2,1,1,1,0,0,1,0,1,2,3,51.346
5tqi72vno74hjnv7elkchmn7,13,9,4,9,19,17,5,0.5,46.0,0.9555555555555556,0.5454545454545454,0.32,4.546645,0.484757,0.649466,-0.1452174748704619,1,0,0,1,1,1,0,0,19.473,2,1,1,2,1,2,2,1,1,1,2,2,3,1,0,114.074,2,3,3,1,1,1,2,3,3,3,3,3,3,49.445,2,1,2,6.06,1,1,1,1,1,2,1,3,1,1,1,1,1,1,3,43.843
5vfsoys60vdnkpwg6eycknxs,8,4,3,5,11,8,7,0.7444444444444445,60.0,1.0,0.3333333333333333,0.1866666666666666,8.508154999999999,0.8431445,0.5021515,0.2534706116720781,1,0,0,1,0,1,0,0,24.621,1,1,1,1,0,0,2,2,1,0,1,1,1,0,0,83.154,1,1,2,1,1,1,1,1,2,1,2,2,3,33.176,2,3,2,7.338,1,0,1,0,1,1,1,0,1,0,1,0,1,0,3,39.921
5vlapy2kltynt6q6usdmw53x,14,12,13,8,13,4,10,0.4222222222222222,46.0,0.7555555555555555,0.7272727272727273,0.2933333333333333,2.00892,0.646992,0.9635555,-0.1965564505238125,2,3,2,2,1,2,1,0,21.49,2,1,2,2,2,2,2,1,2,2,2,2,3,1,0,97.435,1,3,2,2,1,2,1,1,2,2,1,3,3,53.066,3,3,4,13.684,0,0,1,0,1,0,1,1,0,0,0,0,0,0,3,48.513
65z4s3erqhtq0y32l4ud5c77,3,4,3,6,17,10,6,0.7666666666666667,62.0,1.0,0.3571428571428571,0.1866666666666666,10.8042,0.894344,0.486142,0.2956944148654893,1,0,1,1,0,0,0,0,33.203,0,1,1,0,0,0,1,0,1,1,1,0,1,0,0,112.714,2,1,2,1,1,2,2,2,3,2,2,3,3,45.188,2,2,2,8.053,1,0,1,0,0,1,1,1,1,0,1,1,1,1,3,59.926
6anblbfay00uf1lrjuvta75s,10,11,10,8,19,9,2,0.6111111111111112,51.0,0.96,0.7692307692307692,0.16,2.9227100000000004,0.872681,0.9672375,-0.051391678490107,2,2,1,1,1,1,2,0,71.312,0,2,1,1,2,2,2,2,1,2,2,1,2,1,1,80.897,1,2,3,2,3,2,3,2,2,3,2,2,2,49.529,1,1,0,36.723,1,0,1,1,1,1,0,1,1,0,1,0,1,0,3,74.948
6ddzcn9af3ba6dv3c91n5enx,6,0,0,9,8,2,1,0.4444444444444444,41.0,0.675,0.7959183673469388,0.36,1.80374,0.833259,0.7719689999999999,0.0381814919749718,0,0,0,0,0,0,0,0,14.895,0,0,2,1,0,1,1,1,0,0,0,0,0,0,0,79.702,3,2,2,2,1,1,1,1,1,1,1,1,3,40.224,0,1,0,5.901,0,0,0,0,0,0,0,0,2,0,0,0,0,0,3,42.063
6ebn8yjdbepfbi3vshim0fa4,4,11,14,6,22,14,11,0.4444444444444444,51.0,0.4509803921568627,0.8421052631578947,0.24,1.216315,0.844805,0.704691,0.0904255319148936,3,2,2,2,1,3,1,0,36.261,1,2,1,0,2,0,1,0,1,2,2,1,1,1,0,130.618,2,1,2,1,3,2,2,3,3,3,3,3,3,57.167,3,4,4,12.847,1,2,2,0,0,1,1,1,2,0,1,1,1,1,3,562.216
6g0smxt28qc8rof31hj311l7,10,10,7,7,15,9,9,0.6777777777777778,50.0,0.98,0.5641025641025641,0.1866666666666666,7.553755,0.523598,0.927257,-0.2782214625169296,1,1,1,1,1,1,1,0,12.197,2,2,1,2,1,1,2,1,1,2,1,2,1,1,0,33.129,2,2,2,1,2,2,1,2,2,2,2,2,3,21.472,3,3,3,4.198,0,1,0,0,1,1,1,0,1,1,1,0,1,1,2,42.268
6kf2nrcsp1vlkc4ognfrvlg6,10,4,10,6,14,6,10,0.5555555555555556,47.0,0.9130434782608696,0.7209302325581395,0.1466666666666666,5.46649,0.2597695,0.9901565,-0.5843441931762361,2,2,1,2,1,1,1,0,25.536,1,0,2,2,0,2,0,1,1,2,1,0,2,0,0,69.106,1,2,1,2,2,1,1,2,2,2,2,2,3,24.988,4,3,3,6.939,0,0,1,0,0,1,0,1,0,1,0,0,1,1,3,188.927
6o83uqmv0frbft9n0ojoh68u,9,8,6,14,17,14,6,0.4666666666666667,42.0,0.4761904761904761,0.9574468085106383,0.2666666666666666,4.2537,0.0630544,0.7262565000000001,-0.8402292430017121,0,1,0,0,2,1,2,1,26.551,2,0,1,2,1,0,1,3,1,1,2,2,0,1,2,73.488,4,2,4,4,3,2,1,2,1,2,3,3,1,34.992,2,1,3,13.03,2,1,3,0,2,1,0,1,2,0,0,1,1,0,2,61.483
6tsrpsayz54lw11oc7xqro8j,14,6,5,9,13,5,0,0.5111111111111111,40.0,0.7948717948717948,0.84,0.2533333333333333,2.9773050000000003,0.6446164999999999,0.975569,-0.2042682766880706,1,0,1,1,2,0,0,0,46.677,2,0,2,3,1,1,2,2,2,1,1,0,2,1,0,104.145,1,1,4,3,2,1,1,1,2,2,1,3,3,141.902,0,0,0,12.641,0,0,1,1,0,1,0,0,0,0,0,1,0,1,2,59.773
6u3el0wrisrdbl98ibq0opof,8,0,0,10,8,0,10,0.6,49.0,0.9591836734693876,0.975,0.2133333333333333,4.83417,0.746631,0.957435,-0.1237064761576136,0,0,0,0,0,0,0,0,11.28,1,0,1,1,0,1,3,1,0,0,0,0,0,0,0,112.967,1,4,4,1,1,1,1,1,1,1,1,1,3,54.917,4,2,4,9.896,0,0,0,0,0,0,0,0,0,0,0,0,0,0,3,25.381
6ueltttfobtmc33ejn29z66s,6,7,2,8,19,13,5,0.6555555555555556,56.0,0.8545454545454545,0.7647058823529411,0.1733333333333333,3.173315,0.6110895000000001,0.897868,-0.1900507469560938,1,0,0,0,0,1,0,0,44.535,1,1,1,1,1,1,1,0,1,1,1,1,1,1,0,126.114,2,2,2,2,2,1,2,3,3,2,3,3,3,77.629,3,1,1,12.936,1,1,1,1,1,1,1,1,1,0,1,1,1,1,3,77.039
6xcrpdfmw33oggfcpop84jjc,7,12,16,8,26,9,3,0.6,57.0,1.0,0.3636363636363636,0.2933333333333333,18.2876,0.8072630000000001,0.751935,0.0354849095496531,3,3,3,3,0,1,3,0,23.62,3,3,0,0,0,3,1,0,1,2,2,2,0,2,0,119.536,3,2,1,2,3,2,2,4,4,3,4,4,3,54.996,1,1,1,15.274,1,0,2,1,0,0,0,1,2,1,1,0,0,0,3,63.712
71r198qbputz56vycr57vwrj,0,5,1,8,20,4,6,0.6111111111111112,49.0,1.0,0.55,0.24,7.669575,0.7744960000000001,0.3918795,0.3280388691291956,0,0,1,0,0,0,0,0,19.067,0,1,0,0,1,0,0,0,0,1,1,1,0,0,0,118.64,2,3,2,1,2,2,1,3,3,3,3,3,3,43.525,2,2,2,8.552,0,0,1,0,1,0,0,0,1,0,0,0,0,1,3,53.823
77drfp2k71bu1i898kgrkloj,7,6,10,8,21,15,4,0.6555555555555556,48.0,0.9787234042553192,0.5238095238095238,0.2533333333333333,8.419875000000001,0.4971355,0.7671509999999999,-0.2135714491928846,2,2,2,2,0,2,0,0,388.838,1,1,1,1,1,1,1,1,1,1,1,0,1,1,0,100.051,2,2,2,2,2,3,2,2,3,3,3,3,3,50.685,1,1,2,16.269,1,1,2,1,1,2,0,2,1,0,1,1,0,2,3,80.095
79wkgbbalgknlalvcbuej04n,5,3,0,9,17,3,3,0.3777777777777777,31.0,1.0,0.3448275862068966,0.3466666666666667,4.46481,0.926753,0.9140975,0.0068748113983182,0,0,0,0,0,0,0,0,22.206,0,1,1,1,0,0,1,1,0,1,0,0,1,1,0,119.509,2,3,2,2,2,2,2,2,2,2,3,2,3,50.305,1,1,1,12.785,1,0,0,0,0,0,1,0,0,0,0,0,0,1,3,57.116
7c2n6irhszcuommpxijsqo0m,3,5,8,8,13,7,5,0.5,46.0,0.6444444444444445,0.931818181818182,0.2666666666666666,1.725205,0.7678415000000001,0.903985,-0.0814339885149565,2,1,1,2,0,1,1,0,22.231,0,1,0,1,0,0,1,0,1,1,1,1,1,0,0,138.207,2,2,2,2,1,1,1,1,1,2,3,3,3,53.592,1,2,2,8.303,1,1,0,0,0,0,1,1,1,1,0,0,0,1,2,43.616
7ezim729gp6n5w6uep9hptuu,8,1,0,7,11,1,2,0.6222222222222222,53.0,0.9807692307692308,0.5675675675675675,0.1466666666666666,5.286265,0.919562,0.9818365,-0.032751945475922,0,0,0,0,0,0,0,0,29.062,1,1,1,1,0,1,1,2,0,0,0,0,1,0,0,212.565,2,2,2,1,1,1,1,2,1,1,1,3,3,116.984,1,1,0,20.419,0,0,0,0,0,0,0,0,1,0,0,0,0,0,3,100.241
7onu45df12zkrxfc750nn4sa,4,0,5,7,17,7,6,0.5666666666666667,50.0,0.9591836734693876,0.75,0.2533333333333333,8.479595,0.3934879999999999,0.8563540000000001,-0.3703396109268212,1,0,1,1,1,1,0,0,34.171,1,0,1,0,0,0,1,1,0,0,0,0,0,0,0,137.837,2,2,1,2,2,2,1,2,2,3,2,3,3,130.447,2,2,2,12.694,0,0,0,1,1,0,0,1,1,0,1,1,0,1,3,64.609
7sw6swyfiqm06ookrrxv1ejk,7,0,0,7,15,9,0,0.3222222222222222,30.0,0.6666666666666666,0.6949152542372881,0.2933333333333333,1.1457,0.577635,0.663359,-0.0690768851420716,0,0,0,0,0,0,0,0,27.86,1,0,1,1,0,1,1,1,0,0,0,0,1,0,0,615.478,2,2,1,2,1,1,1,2,2,3,2,3,3,128.786,0,0,0,11.211,0,0,0,1,1,1,0,1,1,1,1,1,0,1,2,116.356
8268uvon5c4wg6cqy7jsgya1,0,1,1,8,16,7,2,0.7555555555555555,58.0,1.0,0.46875,0.1866666666666666,16.997500000000002,0.5237005,0.6982695,-0.1428586626512925,0,0,0,0,0,1,0,0,24.586,0,0,0,0,0,0,0,0,1,0,0,0,0,0,0,126.555,2,2,3,1,1,1,2,1,2,3,2,4,3,66.751,1,1,0,14.285,0,1,0,0,0,0,1,1,1,1,0,0,1,1,2,69.741
84vog25x6i4fgbjucffyhd5p,6,9,2,8,18,17,7,0.5111111111111111,44.0,1.0,0.3913043478260869,0.2666666666666666,10.1903,0.79141,0.998458,-0.1156778041732686,1,1,0,0,0,0,0,0,33.787,1,1,1,1,2,1,1,0,1,2,1,1,1,1,0,84.24,2,2,2,2,2,2,1,2,3,3,3,2,3,79.839,3,2,2,15.184,1,1,1,1,1,2,2,1,1,1,1,2,1,1,3,62.309
8bis5casr4mjnn033kaxc4a9,0,16,12,4,23,25,11,0.8111111111111111,61.0,1.0,0.4482758620689655,0.1333333333333333,8.429875,0.877888,0.4973365,0.2767195465176776,3,1,3,2,0,3,0,0,14.658,0,0,0,0,3,0,0,0,3,3,3,3,0,1,0,91.964,1,1,1,1,3,2,3,3,3,3,3,3,2,45.264,4,3,4,9.345,1,2,1,1,1,1,2,2,3,1,3,2,3,2,3,47.877
8gms1x5mpu3zq71ytb9tjrss,1,0,0,16,13,0,0,0.5666666666666667,54.0,1.0,0.5,0.3733333333333333,15.43725,0.339385,0.5665155,-0.2507234514165737,0,0,0,0,0,0,0,0,34.885,0,0,0,0,0,0,1,0,0,0,0,0,0,0,0,40.595,4,4,4,4,2,1,1,1,2,1,2,3,3,30.613,0,0,0,8.08,0,0,0,0,0,0,0,0,0,0,0,0,0,0,3,37.243
8jsbtrhsjtr1f1g26cw3ybge,0,0,0,10,21,14,0,0.3333333333333333,37.0,0.1351351351351351,0.9230769230769232,0.3333333333333333,7.209065,0.00505264,0.6979595000000001,-0.9856257389808374,0,0,0,0,0,0,0,0,12.434,0,0,0,0,0,0,0,0,0,0,0,0,0,0,0,38.092,3,3,2,2,2,2,2,3,3,3,3,3,2,35.291,0,0,0,4.752,1,1,1,1,1,1,1,1,1,1,1,1,1,1,3,34.527
8lfe345vgkvurp8du9sfe3cu,2,2,6,4,16,9,9,0.7888888888888889,56.0,0.9821428571428572,0.5757575757575757,0.1066666666666666,9.729285,0.5745635,0.7873135,-0.1562182194133537,1,1,1,1,1,0,1,0,32.846,0,0,1,0,1,0,1,0,1,0,0,0,0,0,0,141.787,1,1,1,1,1,1,1,2,2,3,2,4,3,65.995,3,3,3,12.527,1,1,1,1,1,0,1,1,0,1,1,0,0,0,1,71.063
8mn0ti7z45rkqyclbp3bkuox,4,11,6,6,12,4,6,0.6111111111111112,53.0,1.0,0.4324324324324324,0.2,14.2709,0.89707,0.7861,0.0659291693649482,1,1,1,0,0,0,3,0,27.615,0,2,1,0,3,0,1,1,1,2,1,2,1,0,0,183.429,1,1,2,2,1,1,1,1,2,2,2,2,3,46.995,2,2,2,6.078,1,0,0,0,0,1,0,0,1,1,0,0,0,0,3,43.229
8p2ni1ijdad6gblaeiq7rgzi,4,9,14,8,17,19,9,0.7111111111111111,59.0,1.0,0.3548387096774194,0.2133333333333333,8.79941,0.785106,0.5597430000000001,0.1675749470758426,2,2,3,3,2,1,1,0,23.398,0,1,0,0,3,0,2,0,1,1,1,1,2,1,0,84.239,2,4,1,1,2,2,2,2,2,2,2,3,3,44.116,3,3,3,11.584,1,1,2,1,1,2,2,2,1,1,2,1,0,2,3,54.931
984rqmge2ibnb6ry6iy9u0zo,16,16,16,7,14,11,10,0.4666666666666667,42.0,0.7804878048780488,0.6875,0.2666666666666666,1.395785,0.944153,0.785468,0.091745532691844,2,2,3,3,1,3,2,2,12.257,2,3,2,2,3,1,3,3,2,2,1,2,3,3,1,21.195,2,1,3,1,1,1,3,2,2,2,1,2,2,28.642,4,3,3,9.258,2,1,0,1,0,0,0,1,0,1,1,1,1,2,2,24.353
9bx9aapx2af3ya9iqbfycexr,9,19,0,7,11,7,10,0.4777777777777778,49.0,0.4897959183673469,0.95,0.3066666666666666,7.767165,0.04418975,0.910027,-0.9073800580423682,0,0,0,0,0,0,0,0,20.808,0,3,2,0,3,2,1,2,2,3,3,2,2,3,1,63.345,1,2,2,2,1,1,2,1,1,1,2,2,2,22.336,3,4,3,6.495,0,0,1,1,1,1,0,1,1,0,0,1,0,0,3,63.025
9k89ceqjj2pul71i5uhx7kt5,5,3,5,10,17,5,4,0.7777777777777778,60.0,1.0,0.8666666666666667,0.12,11.9142,0.7803625000000001,0.9757245,-0.1112484745915208,1,0,1,1,0,2,0,0,45.812,0,0,1,1,1,0,1,1,0,1,1,0,1,0,0,117.048,3,2,3,2,2,2,1,2,2,2,3,3,3,73.211,2,1,1,20.009,1,1,0,0,0,1,0,0,1,0,1,0,0,0,3,45.983
9kzs2lfi4bmyk5xz03ck58ne,7,2,3,9,17,12,2,0.6222222222222222,55.0,0.8363636363636363,0.9705882352941176,0.1733333333333333,5.990625,0.42461,0.956868,-0.3852815607631827,0,0,0,0,1,1,1,0,25.995,0,0,1,1,1,0,3,2,1,0,0,0,0,0,0,109.087,2,3,3,1,2,2,2,2,2,2,2,3,3,62.095,1,1,0,10.012,1,1,0,0,0,1,2,0,1,1,1,1,2,1,3,55.116
9s73oel30gm6y0mvrbrhg5sl,1,7,2,8,16,7,5,0.6555555555555556,54.0,0.981132075471698,0.5555555555555556,0.16,4.594165,0.7076705,0.7475799999999999,-0.0274244880864153,0,0,0,1,0,1,0,0,26.341,0,1,0,0,1,0,0,0,1,1,1,1,1,1,0,118.669,3,2,1,2,1,1,2,1,3,3,2,3,2,55.421,1,3,1,11.861,1,1,2,0,0,1,0,0,1,0,1,0,0,0,3,42.846
9x3grmi9fq74uxr3ub097epz,1,0,4,6,17,14,5,0.7333333333333333,57.0,1.0,0.34375,0.2266666666666666,6.23485,0.8211215000000001,0.548855,0.1987380805437174,0,1,1,1,0,1,0,0,51.886,0,0,1,0,0,0,0,0,0,0,0,0,0,0,0,54.302,1,3,1,1,2,2,1,2,3,2,2,3,2,40.97,2,2,1,6.98,1,1,1,1,1,1,1,1,1,1,1,1,1,1,3,30.347
a2v38wfhjdt19iwmixx5ubbn,7,0,4,7,13,5,4,0.7333333333333333,78.0,0.6363636363636364,0.25,0.1333333333333333,-3.020505,0.0102288,0.215127,-0.909220885373263,1,1,1,1,0,0,0,0,30.409,0,0,1,0,0,2,1,2,0,0,0,0,1,0,0,110.331,2,2,2,1,1,2,1,1,2,2,2,2,3,81.764,2,1,1,20.622,0,0,1,0,1,1,0,1,0,0,0,0,0,1,3,55.794
a4sq9uovavhzmy3ugpw14nes,6,0,2,5,13,4,2,0.5,50.0,1.0,0.3249999999999999,0.3066666666666666,11.33745,0.923026,0.5679000000000001,0.2381915668517417,0,0,1,0,0,0,1,0,67.741,0,0,0,0,0,0,2,3,0,0,0,0,1,0,0,121.077,1,1,2,1,1,1,1,2,2,2,2,2,3,50.625,2,0,0,70.328,0,0,0,0,0,0,1,2,1,0,0,0,0,0,3,50.833
acyid5qbf3sxlj6irj8rue2i,13,12,4,8,16,9,8,0.4333333333333333,33.0,0.6363636363636364,0.6428571428571428,0.32,1.90091,0.8643755,0.9040555,-0.0224379690245195,1,0,0,0,0,2,1,0,46.218,2,2,3,2,1,1,2,1,2,2,2,1,2,2,1,60.042,2,2,2,2,2,2,2,3,1,2,2,2,3,45.72,3,2,3,8.979,1,1,0,0,1,0,0,0,0,3,1,0,1,1,3,56.264
adledzgxw4grcbjza71kl0bz,4,6,7,8,19,3,7,0.6333333333333333,57.0,0.9821428571428572,0.7575757575757576,0.2,8.555215,0.6024775,0.9920005,-0.2442949981122348,1,2,1,1,1,0,1,0,66.832,1,1,1,1,1,0,0,0,1,1,2,0,1,0,0,235.19,1,3,3,1,2,1,2,2,3,3,3,3,3,157.066,3,2,2,30.479,0,1,0,0,0,0,0,0,0,0,0,1,0,1,1,137.38
aov6xe6od75nt5353uwbsp77,8,1,1,11,14,8,2,0.5666666666666667,42.0,0.951219512195122,0.5833333333333333,0.2533333333333333,7.22633,0.414265,0.977577,-0.4047240994308261,0,0,0,1,0,0,0,0,33.234,0,0,1,0,0,1,2,2,0,0,1,0,2,0,0,179.392,3,3,2,3,2,1,1,2,2,2,2,2,3,60.185,0,1,1,12.631,0,0,1,0,1,1,1,0,1,1,1,0,1,0,3,85.679
as4opn0p6i53xieis0t6eqgj,6,8,7,5,13,4,11,0.6111111111111112,56.0,0.9818181818181818,0.7941176470588236,0.1733333333333333,5.010345,0.8378615,0.9775465,-0.0769441359738416,1,1,2,1,0,1,1,0,28.679,2,1,1,0,1,1,1,0,1,2,1,1,1,1,0,253.642,1,2,1,1,1,2,2,2,1,1,1,3,3,59.944,4,3,4,8.737,1,0,0,0,1,0,1,1,0,0,0,0,0,0,3,48.723
avr04c4gt8kmeq5i2jiisiyh,5,1,2,12,10,5,3,0.6444444444444445,49.0,1.0,0.4146341463414634,0.2533333333333333,13.47435,0.7198025,0.6308765,0.0658379970370458,0,0,0,1,1,0,0,0,21.585,0,0,0,2,0,0,1,1,0,0,1,0,1,0,0,78.358,2,3,4,3,2,1,1,1,1,1,1,2,3,75.351,1,1,1,7.405,0,0,0,0,1,1,1,0,0,0,0,0,1,1,3,180.475
avuxpoyolfbqqsskoym8iwxk,8,4,2,8,14,2,2,0.5333333333333333,37.0,0.6486486486486487,0.4807692307692307,0.2666666666666666,2.1501,0.8467454999999999,0.428697,0.3277674218947541,1,0,1,0,0,0,0,0,17.853,1,1,2,1,0,1,1,1,1,0,1,1,1,0,0,73.033,2,3,2,1,1,1,1,1,3,2,2,3,3,38.79,1,1,0,18.244,0,0,0,0,0,0,0,1,0,0,0,0,1,0,3,26.633
aw52ysj006w4svfzx022ho6a,3,19,14,4,19,14,11,0.6888888888888889,62.0,1.0,0.9642857142857144,0.2,6.65958,0.8653785,0.965682,-0.0547789109098251,3,2,3,2,0,2,2,0,50.055,2,2,0,1,3,0,0,0,3,3,3,3,0,2,1,166.761,1,1,1,1,2,1,1,3,3,3,2,4,3,83.695,4,3,4,8.034,0,1,2,0,2,0,1,1,1,1,1,1,1,2,3,93.024
ayqvxud8iyhd449mhjpztndy,10,13,9,8,14,14,4,0.5888888888888889,51.0,0.94,0.5897435897435898,0.28,4.915685,0.4694455,0.9725005,-0.3488722878665359,2,1,1,2,0,2,1,0,27.445,0,1,2,1,2,1,2,2,2,2,3,2,2,1,0,122.374,2,1,3,2,2,1,1,1,2,2,2,3,3,87.978,1,2,1,8.852,1,1,0,1,0,0,1,1,2,1,3,1,0,2,3,73.661
b50ed6wgqvfuz39mn3dw9s5i,0,3,8,4,14,5,8,0.6777777777777778,59.0,1.0,0.2903225806451612,0.24,7.197625,0.8793124999999999,0.4628084999999999,0.3103326749227529,2,1,1,1,1,1,1,0,39.216,0,0,0,0,0,0,0,0,1,1,1,0,0,0,0,106.245,1,1,1,1,1,1,1,1,2,2,3,3,3,54.966,3,3,2,15.674,0,0,0,0,2,0,1,1,0,0,0,0,0,1,3,58.925
b6ntfmchp7gcv2hhdnmy8dcx,8,2,3,7,16,4,6,0.5111111111111111,41.0,1.0,0.6458333333333333,0.36,6.598315,0.8588155,0.9695755,-0.0605778523302728,0,0,1,0,1,1,0,0,24.226,1,0,1,2,1,1,1,1,1,0,0,0,1,0,0,95.192,2,2,2,1,1,2,1,1,3,2,2,4,3,64.964,2,2,2,12.515,0,0,1,0,1,0,0,1,1,0,0,0,0,0,3,40.189
bd1lnrnygthu88n7uhqouupu,4,3,4,5,11,0,3,0.6555555555555556,52.0,1.0,0.368421052631579,0.1733333333333333,14.08275,0.401441,0.830994,-0.348540085278331,1,0,1,1,0,1,0,0,39.481,0,0,1,1,0,0,1,0,0,1,1,1,1,0,0,102.057,1,2,1,1,1,1,1,1,2,2,1,2,3,58.092,1,1,1,10.601,0,0,0,0,0,0,0,0,0,0,0,0,0,0,3,44.061
bgdbxmyihscd8j5yck7zpncx,5,5,5,6,20,5,5,0.4444444444444444,39.0,0.6578947368421053,0.6666666666666667,0.3333333333333333,1.901715,0.66866,0.566296,0.0828887830821503,1,1,1,0,0,1,1,0,40.281,1,1,1,0,1,1,1,0,1,0,1,1,1,0,0,170.556,2,1,1,2,2,2,1,2,3,3,3,4,3,103.591,2,2,1,23.676,1,0,1,0,0,0,1,1,1,0,0,0,0,0,3,88.071
bgdjjadiljq5gtg3zd419eif,0,7,0,8,16,4,4,0.6777777777777778,70.0,0.8405797101449275,0.4499999999999999,0.2133333333333333,3.41451,0.347317,0.340372,0.0100990418634004,0,0,0,0,0,0,0,0,16.332,0,1,0,0,1,0,0,0,1,1,1,1,0,1,0,98.006,2,3,1,2,2,2,2,2,2,2,2,2,3,61.266,2,1,1,10.87,0,0,0,0,1,1,0,1,0,0,1,0,0,0,3,47.65
bglkgiekgvpk66wserkvszvn,7,5,3,5,14,2,4,0.7222222222222222,61.0,1.0,0.9310344827586208,0.1733333333333333,10.57865,0.801428,0.9620865,-0.0911013206866175,1,0,1,0,0,1,0,0,21.51,1,1,1,2,1,1,1,1,1,1,0,1,0,0,0,88.583,1,2,1,1,2,1,1,2,2,2,2,2,3,43.785,1,2,1,6.768,0,0,0,0,1,0,0,0,1,0,0,0,0,0,3,35.416
bhoyosccpd9jwnfuwpgla7cg,6,2,0,12,16,24,4,0.3777777777777777,42.0,0.3170731707317073,0.75,0.28,0.4435135,0.09661395,0.360107,-0.5769235021953777,0,0,0,0,0,0,0,0,27.859,2,0,1,1,0,0,1,0,1,0,1,0,1,0,0,468.394,2,4,3,3,1,2,3,2,2,2,2,2,3,46.034,1,1,2,42.658,2,3,3,1,0,3,0,2,1,0,2,3,2,2,3,91.547
borpj9kwayuoawc2db7wbyxj,7,6,7,9,16,14,3,0.5777777777777777,49.0,0.8367346938775511,0.875,0.3066666666666666,5.242195,0.275152,0.7713319999999999,-0.4741400728534788,1,1,1,1,1,1,1,0,42.865,1,1,1,1,1,1,1,1,1,1,1,1,1,0,1,32.718,2,2,3,2,2,2,2,2,2,2,2,2,2,33.263,1,1,1,28.251,1,1,1,1,1,1,1,1,1,1,1,1,1,1,2,33.672
bpx7zoh3jy0thvu8qzq8lf0w,4,0,1,7,13,0,1,0.6555555555555556,57.0,0.9649122807017544,0.5625,0.1733333333333333,8.956890000000001,0.1372625,0.949683,-0.7474344389852112,0,0,0,0,0,1,0,0,14.742,0,0,1,1,0,0,1,1,0,0,0,0,0,0,0,80.067,1,2,2,2,1,1,1,2,2,2,2,2,3,51.018,1,0,0,7.179,0,0,0,0,0,0,0,0,0,0,0,0,0,0,3,31.8
brbcu0xzd02uqsem1xrt52wr,5,0,0,5,16,1,1,0.7333333333333333,58.0,1.0,0.5,0.1733333333333333,7.617095,0.9259365,0.615759,0.2011924533735747,0,0,0,0,0,0,0,0,50.338,1,0,1,1,0,0,0,1,0,0,0,0,1,0,0,120.098,2,1,1,1,1,1,2,2,3,2,2,3,3,84.55,1,0,0,25.458,0,0,0,0,0,0,0,0,1,0,0,0,0,0,3,73.105
bzkr2dox2xt1y9h4s7wpssde,1,0,3,5,11,2,4,0.6555555555555556,54.0,1.0,0.9714285714285714,0.1733333333333333,10.87745,0.7711695000000001,0.986228,-0.1223732820833077,1,0,0,0,1,1,0,0,39.97,0,0,0,0,0,0,0,1,0,0,0,0,0,0,0,82.404,1,1,2,1,1,1,1,1,2,1,2,2,3,71.948,2,1,1,10.98,0,0,0,0,0,1,1,0,0,0,0,0,0,0,3,59.132
c0vajovs4eeyqef7vqaq0ae3,9,15,12,6,19,24,11,0.5444444444444444,38.0,0.945945945945946,0.6730769230769231,0.32,5.86322,0.4995995,0.8703395,-0.2706251884207983,2,1,3,1,2,1,2,0,51.851,1,2,1,2,2,1,2,1,3,2,2,1,1,3,0,187.125,1,2,1,2,2,2,1,2,3,3,3,3,3,80.324,4,3,4,8.895,1,2,2,1,1,2,2,2,3,1,2,2,2,1,3,142.726
cdbeog6cjz4lt4fk2fsw9a6d,3,7,0,11,23,16,1,0.7111111111111111,55.0,1.0,0.2352941176470588,0.28,11.9312,0.273973,0.392254,-0.1775385866979272,0,0,0,0,0,0,0,0,27.02,0,1,0,0,2,0,1,1,0,0,2,1,1,1,0,149.528,2,3,3,3,3,2,3,3,3,3,3,3,3,83.079,1,0,0,14.111,1,1,1,0,1,2,2,1,1,1,1,2,1,1,3,69.835
cdx4de9mp88efzq0p2e2hq41,0,5,12,7,18,12,12,0.4666666666666667,36.0,0.75,0.679245283018868,0.3733333333333333,5.398285,0.2522135,0.853621,-0.5438494639116432,1,3,3,2,1,1,1,0,57.55,0,0,0,0,1,0,0,0,1,1,1,1,0,0,0,201.822,2,2,2,1,2,1,1,2,3,3,3,3,3,108.812,4,4,4,20.222,0,1,1,0,1,1,1,1,1,1,1,1,1,1,2,95.554
clbuh3a2585h6gnz793fuy9c,6,11,11,5,15,7,12,0.5555555555555556,54.0,0.5660377358490566,0.6388888888888888,0.2266666666666666,1.41478,0.6355815,0.840032,-0.1385528798699659,2,1,2,1,1,3,1,0,26.668,1,1,1,2,2,0,0,1,2,2,1,1,1,2,0,149.9,1,2,1,1,1,2,1,1,3,3,2,2,3,58.336,4,4,4,10.808,0,0,0,0,2,0,1,1,1,0,1,0,0,1,3,50.17
clm0rwz7njx098ktz0rq6tzj,9,0,0,16,8,1,0,0.5,44.0,0.7727272727272727,0.7555555555555555,0.2666666666666666,2.4010350000000003,0.8535714999999999,0.849576,0.0023459506590004,0,0,0,0,0,0,0,0,27.856,0,0,3,0,0,0,3,3,0,0,0,0,0,0,0,378.073,4,4,4,4,1,1,1,1,1,1,1,1,3,80.312,0,0,0,8.586,0,0,0,0,0,1,0,0,0,0,0,0,0,0,3,77.518
cng3i38r1jvcidbz5s9p6pw8,2,1,0,5,10,2,3,0.5,51.0,0.803921568627451,0.8947368421052632,0.2266666666666666,2.0943050000000003,0.8704495000000001,0.8926855,-0.0126116264494777,0,0,0,0,0,0,0,0,26.777,0,1,1,0,0,0,0,1,0,0,0,0,0,0,0,118.482,1,2,1,1,1,1,1,1,1,2,1,2,3,50.69,1,1,1,39.964,0,0,0,0,0,0,0,0,1,0,1,0,0,0,3,49.372
ctnvg9z0u302ddk5abjypszu,6,8,10,5,9,8,8,0.7,59.0,0.9830508474576272,0.4333333333333333,0.1066666666666666,8.808985,0.284813,0.6066265,-0.3610043082003882,2,1,2,1,1,2,1,0,15.813,1,1,1,1,2,0,1,1,1,1,1,2,1,0,0,273.094,2,1,1,1,1,1,2,1,1,1,1,1,3,42.185,3,2,3,6.853,1,0,1,1,0,1,1,0,1,0,1,0,0,1,3,46.762
cweobvm4evs54h8932qi6kqj,11,1,5,11,15,9,1,0.4333333333333333,45.0,0.4090909090909091,0.8,0.3066666666666666,1.256365,0.5464169999999999,0.8396155,-0.2115379689870187,1,0,1,0,2,0,1,0,43.867,2,0,1,0,0,2,3,2,0,0,0,1,1,0,0,171.702,2,3,3,3,1,2,1,2,1,3,1,4,3,114.988,0,1,0,11.032,1,0,1,1,1,0,1,0,1,0,1,0,1,1,3,103.361
cwgfb4shdtmzip7h3libx8if,9,6,7,6,19,5,7,0.4555555555555555,40.0,0.8,0.7959183673469388,0.28,4.937765,0.214198,0.733082,-0.5477620133434676,1,2,1,1,0,1,1,0,21.603,1,1,2,0,2,1,2,1,0,1,1,1,2,0,0,101.952,2,2,1,1,1,2,2,2,3,3,3,3,3,47.414,2,3,2,10.46,0,0,0,0,1,0,0,1,1,0,1,0,0,1,3,49.062
cwjn0tx0m76gm35d8f4jnxrq,0,2,0,12,13,7,2,0.6444444444444445,45.0,1.0,0.4,0.1733333333333333,5.38659,0.9523195,0.8665609999999999,0.0471490567961996,0,0,0,0,0,0,0,0,13.443,0,0,0,0,1,0,0,0,0,1,0,0,0,0,0,38.78,3,3,3,3,2,1,1,2,2,1,2,2,3,26.25,1,1,0,5.056,0,1,0,0,1,0,1,0,1,0,1,1,1,0,3,31.312
cyf4lwt71hzndc26n3gok5gn,10,1,1,7,15,2,6,0.5222222222222223,47.0,0.5869565217391305,0.8372093023255813,0.3333333333333333,1.83897,0.718026,0.671659,0.0333651151160155,0,0,0,1,0,0,0,0,18.3,1,0,2,1,0,1,2,1,0,1,0,0,2,0,0,49.7,1,2,2,2,1,2,2,2,2,2,2,2,2,40.1,2,2,2,9.2,1,0,0,0,0,0,0,0,0,0,0,0,0,1,3,39.3
czs7a87g24y6q0hq4ygiyrrl,0,0,0,16,16,0,0,0.6444444444444445,54.0,0.9622641509433962,0.5555555555555556,0.2133333333333333,4.274625,0.8538695,0.83067,0.0137720130635107,0,0,0,0,0,0,0,0,16.778,0,0,0,0,0,0,0,0,0,0,0,0,0,0,0,62.479,4,4,4,4,2,1,1,2,3,2,2,3,3,42.081,0,0,0,7.143,0,0,0,0,0,0,0,0,0,0,0,0,0,0,3,43.499
d4kdo4b2j6sp5t7p2c7ay6u2,1,2,12,5,12,15,5,0.6555555555555556,58.0,0.9824561403508772,0.9375,0.1866666666666666,8.59893,0.5242305,0.945877,-0.2868133792936911,2,2,2,2,2,2,0,0,26.611,0,0,0,0,0,0,1,0,1,1,0,0,0,0,0,116.792,1,1,2,1,1,1,2,1,2,1,2,2,2,90.469,2,1,2,15.104,1,1,1,1,1,1,1,0,3,1,1,1,1,1,3,72.436
d535ylen0c8wkaigri45rrml,0,4,7,8,13,0,9,0.6555555555555556,58.0,0.9824561403508772,0.375,0.24,9.10331,0.3492174999999999,0.827658,-0.4065345059864022,1,1,1,1,1,1,1,0,13.615,0,0,0,0,1,0,0,0,0,1,1,1,0,0,0,48.679,2,2,2,2,2,1,1,1,2,2,2,2,3,25.394,3,3,3,6.715,0,0,0,0,0,0,0,0,0,0,0,0,0,0,3,31.554
d548x9pit2z980gmf8mcce2g,4,3,5,7,19,13,5,0.6111111111111112,56.0,0.8909090909090909,0.9705882352941176,0.2266666666666666,3.673635,0.6974005000000001,0.9446525,-0.1505749205415415,1,0,1,1,1,1,0,0,37.461,0,0,1,1,1,0,0,1,0,0,1,1,1,0,0,157.801,2,2,2,1,2,2,2,3,2,2,3,3,3,111.573,1,2,2,12.695,1,1,0,1,1,2,1,1,1,0,1,1,1,1,0,53.665
d9hniznzrxs4dgpe5u2oh4gp,3,3,6,6,14,8,4,0.7111111111111111,57.0,1.0,0.4242424242424242,0.1866666666666666,9.69721,0.596669,0.6617649999999999,-0.0517277823072166,1,1,1,1,1,1,0,0,24.931,0,0,1,0,1,0,0,1,1,1,0,0,1,0,0,82.473,2,2,1,1,1,1,1,2,2,2,2,3,3,44.281,2,1,1,14.659,1,0,0,1,1,1,1,1,0,1,1,0,0,0,3,42.951
dbuiumbyfl1ma1h69ta20xw8,2,3,5,7,12,1,6,0.4111111111111111,40.0,1.0,0.3469387755102041,0.3466666666666667,15.33225,0.7370955,0.7383105,-0.0008235021411055,1,0,1,1,0,1,1,0,13.426,0,0,1,0,0,0,1,0,1,1,1,0,0,0,0,73.733,2,2,2,1,2,1,1,2,1,1,2,2,3,36.658,2,2,2,7.905,0,0,0,0,0,0,0,0,0,0,0,0,1,0,3,37.147
ddmw598i3zvxrzwq9tinro14,12,15,13,5,18,17,9,0.6,45.0,1.0,0.2954545454545454,0.2933333333333333,5.37665,0.940293,0.9182605,0.011854649328093,2,1,2,2,2,2,2,0,28.908,1,2,1,1,2,1,2,3,3,2,2,2,3,2,2,91.464,1,2,1,1,1,2,2,2,3,3,2,3,3,79.934,3,3,3,8.519,1,1,0,1,2,2,1,1,2,1,1,2,1,1,2,70.397
dduz8pfhwdmhubex0xukns3v,8,5,7,6,10,15,7,0.6777777777777778,58.0,0.9824561403508772,0.75,0.1466666666666666,4.263915,0.917427,0.984624,-0.0353287056971658,1,0,1,1,1,2,1,0,23.698,0,1,1,2,1,1,1,1,1,1,0,1,2,0,0,103.057,2,1,2,1,1,1,2,1,1,1,2,1,3,53.184,2,3,2,14.65,2,1,1,1,1,2,1,2,2,0,0,0,1,1,3,49.792
deuoj5f7ihyov9fdc56skfam,13,12,9,8,20,13,8,0.5888888888888889,48.0,0.8333333333333334,0.7560975609756098,0.3066666666666666,7.00865,0.2619519999999999,0.8862995,-0.543737587105264,1,1,1,2,1,2,1,2,12.56,2,2,2,2,1,2,1,2,1,2,2,2,2,2,2,7.957,2,2,2,2,2,2,3,3,3,2,3,2,1,59.728,2,3,3,6.425,1,0,1,1,1,2,1,1,0,1,1,0,2,1,1,9.641
dfr3ft3vadd2ecq1pqhkiiid,6,11,17,5,20,8,9,0.5777777777777777,50.0,0.7551020408163265,0.975,0.1733333333333333,2.19395,0.7016175,0.9658045,-0.1584403948130706,3,3,3,3,2,2,1,0,43.103,1,2,0,1,2,1,1,1,2,1,2,1,1,1,0,142.154,1,1,1,2,2,1,1,2,4,3,3,4,3,77.227,3,3,3,17.064,1,1,0,1,0,0,0,1,1,0,1,0,1,1,3,66.912
dhdxn5ir5mjb94yjprcgwago,0,1,0,10,17,0,3,0.4666666666666667,43.0,1.0,0.4255319148936169,0.3333333333333333,14.82185,0.6530715,0.785563,-0.0920953167743439,0,0,0,0,0,0,0,0,16.976,0,0,0,0,0,0,0,0,0,0,1,0,0,0,0,101.741,3,3,2,2,2,2,2,2,2,2,2,3,3,58.687,1,1,1,13.679,0,0,0,0,0,0,0,0,0,0,0,0,0,0,3,69.634
dkfxcqyznu2etu3ycixgpuct,1,4,2,10,15,14,5,0.6222222222222222,77.0,0.5921052631578947,0.6153846153846154,0.2666666666666666,4.046795,0.6210655,0.041186,0.8756182507702891,1,0,1,0,0,0,0,0,21.96,0,0,1,0,1,0,0,0,1,1,1,0,0,0,0,80.463,2,3,3,2,2,2,1,2,2,2,2,2,3,54.986,2,1,2,17.055,1,0,1,1,1,1,1,1,1,1,2,1,1,1,3,46.128
drsp05u7fyun1p5gbhu3a7r9,3,7,2,6,17,6,10,0.5333333333333333,47.0,0.8695652173913043,0.9767441860465116,0.2666666666666666,3.1621750000000004,0.8767295,0.938014,-0.033770337240497,1,0,0,0,0,1,0,0,34.66,1,1,1,0,1,0,0,0,0,1,1,1,1,2,0,144.014,1,2,1,2,2,2,2,2,2,2,2,3,3,112.684,3,4,3,12.959,1,1,0,0,0,0,0,0,1,0,1,1,0,1,3,61.597
dz9dqzx96f5jbaaue75gaip4,5,4,7,10,16,12,6,0.4111111111111111,42.0,0.4285714285714285,0.8085106382978724,0.3333333333333333,1.30381,0.8766775,0.8716619999999999,0.0028687220073675,1,0,2,0,0,3,1,0,63.257,0,1,1,0,1,0,2,1,0,0,1,1,1,0,0,202.906,2,4,2,2,1,1,3,2,2,2,2,3,3,95.839,2,2,2,28.031,1,1,1,1,0,0,0,1,1,2,0,2,1,1,3,214.265
e0nvk8pb717u3eqm3wsl2gkf,4,2,1,13,18,14,1,0.5,41.0,0.8292682926829268,0.8333333333333334,0.3066666666666666,2.2737100000000003,0.967212,0.94317,0.0125849175714594,0,0,0,0,0,0,1,0,18.844,0,0,0,2,1,0,0,2,1,0,0,0,0,0,0,98.529,3,4,4,2,2,2,2,3,2,4,1,2,3,71.27,1,0,0,12.083,3,0,0,1,1,3,1,0,1,1,0,0,1,2,3,56.668
e1zp3dh9u2801k50qm9h97c1,14,16,14,10,14,9,9,0.6111111111111112,50.0,1.0,0.675,0.2666666666666666,5.670495000000001,0.9193555,0.918989,0.0001993641561741,1,3,2,3,1,1,3,2,8.623,3,1,2,2,3,1,2,1,3,2,3,1,3,3,2,10.233,4,3,1,2,1,1,2,2,3,2,1,2,3,7.943,3,2,4,3.598,1,0,2,1,1,1,0,0,1,0,1,0,1,0,0,17.258
e3qgdoddsuhvnumamuxze5fo,6,15,16,4,16,11,11,0.3888888888888889,45.0,0.3111111111111111,0.8409090909090909,0.3333333333333333,1.131275,0.399466,0.660343,-0.2461547316544773,3,3,3,2,1,2,2,0,39.552,1,2,0,1,3,0,1,1,2,2,3,2,2,1,1,137.1,1,1,1,1,2,2,1,2,2,2,2,3,3,68.792,4,3,4,13.164,1,1,1,1,0,0,1,0,2,0,1,1,1,1,3,80.225
e8jii58m72v5f48f2rvcju86,6,13,4,6,20,22,6,0.5888888888888889,53.0,0.981132075471698,0.3333333333333333,0.2533333333333333,5.41564,0.963163,0.393204,0.420210016905454,2,0,2,0,0,0,0,0,21.917,1,1,1,1,3,0,1,1,2,2,2,2,1,1,0,73.343,2,2,1,1,2,2,2,2,3,3,3,3,3,39.146,3,1,2,8.179,1,1,2,2,2,2,2,1,2,2,1,1,1,2,3,136.074
e9lartq70jdvtyo1tovgyi8r,1,1,3,10,16,10,2,0.7333333333333333,56.0,1.0,0.3939393939393939,0.1733333333333333,10.0101,0.911384,0.7331865,0.1083550385951833,1,0,0,0,0,1,1,0,13.054,0,0,0,0,1,0,1,0,0,0,0,0,0,0,0,54.978,3,3,2,2,2,1,1,2,3,2,2,3,3,36.403,1,0,1,9.718,1,0,1,0,1,1,1,1,0,0,1,1,1,1,2,35.124
eajz1vw10kitydeyf4zgtwzs,1,1,4,6,22,2,4,0.7,58.0,0.9298245614035088,0.4375,0.2133333333333333,5.74544,0.943534,0.542109,0.2702028683876274,1,1,0,1,0,1,0,0,14.996,0,0,0,0,0,0,1,0,0,1,0,0,0,0,0,44.045,2,1,2,1,2,2,1,3,4,3,3,4,3,24.203,1,2,1,7.791,0,0,0,0,0,0,1,1,0,0,0,0,0,0,3,16.59
ef4f7206jrf8matkgc345hmc,4,3,4,10,18,10,2,0.6111111111111112,46.0,1.0,0.4186046511627906,0.2533333333333333,10.9237,0.9156905,0.8381765,0.0441960536346256,1,0,0,1,1,1,0,0,22.012,0,0,1,1,1,0,1,1,1,0,1,0,0,0,0,99.403,2,3,3,2,2,2,1,2,2,3,3,3,2,40.382,1,1,0,9.039,1,0,1,0,0,1,1,1,1,1,1,0,1,1,3,44.496
ehwkf4wl2iz2imaw3cx7ysx3,0,3,6,9,17,13,5,0.6888888888888889,50.0,1.0,0.5128205128205128,0.2533333333333333,13.03585,0.902772,0.7745805,0.076424901742478,1,1,2,0,0,1,1,0,47.383,0,1,0,0,1,0,0,0,0,0,1,0,0,0,0,128.696,3,2,2,2,2,2,1,2,3,2,2,3,3,80.719,3,1,1,12.289,1,0,1,1,1,1,1,1,1,1,1,1,1,1,3,66.276
elw3bumjdsy00i3eny567iz0,0,10,8,4,19,12,8,0.5666666666666667,58.0,1.0,0.4193548387096774,0.24,8.860859999999999,0.6726695,0.687729,-0.011069918115905,1,2,2,1,1,0,1,0,14.79,0,2,0,0,2,0,0,0,1,1,2,2,0,0,0,53.239,1,1,1,1,2,1,1,2,3,3,3,4,3,29.855,3,3,2,6.142,1,1,1,1,1,1,1,1,0,1,1,1,1,0,3,38.189
emabcgvxonq2ef9by0gz9zgi,6,11,8,7,12,13,7,0.4111111111111111,40.0,0.85,0.7959183673469388,0.3066666666666666,3.208105,0.3937815,0.9634915,-0.4197460643510922,1,3,2,0,0,1,1,0,21.35,0,1,0,0,2,1,3,1,2,2,1,2,1,1,0,85.455,1,2,2,2,2,1,1,2,2,1,1,2,3,47.255,2,2,3,11.05,1,1,1,1,0,1,1,0,1,1,1,2,0,2,3,44.711
evqas6s8izco827tpqjvoxcj,2,8,5,6,17,3,6,0.6666666666666666,58.0,0.9473684210526316,0.96875,0.1866666666666666,4.443675,0.6841765,0.9500985,-0.1627155772437319,1,1,0,1,0,1,1,0,213.926,0,1,0,1,1,0,0,1,1,1,2,1,0,1,0,217.062,2,2,1,1,2,1,2,1,2,3,3,3,3,126.961,2,2,2,8.312,0,1,0,0,0,0,1,0,1,0,0,0,0,0,3,42.378
f413rfthchh1liluwockcj93,0,2,5,9,19,10,2,0.5111111111111111,46.0,0.7608695652173914,0.8604651162790697,0.24,6.12999,0.1864155,0.964854,-0.6761566253600917,1,1,1,0,0,1,1,0,44.155,0,0,0,0,1,0,0,0,0,0,1,0,0,0,0,138.956,2,2,3,2,1,1,1,2,4,3,3,4,3,59.072,0,1,1,16.018,0,1,0,0,1,1,1,1,1,0,1,1,1,1,3,70.685
f4wl4bmtithmjc70e5p02q4q,8,14,0,6,11,6,8,0.7666666666666667,56.0,1.0,0.7058823529411764,0.16,5.7881350000000005,0.9090405,0.918543,-0.0051994888332051,0,0,0,0,0,0,0,0,11.348,1,2,2,2,1,1,0,1,2,2,3,2,1,2,1,25.979,3,1,1,1,2,2,1,1,1,1,1,2,3,18.183,2,3,3,7.26,1,0,1,1,0,1,0,0,0,1,1,0,0,0,3,26.093
f8d2kruoqk7otxvnhqd44ziz,1,0,0,14,10,0,3,0.7777777777777778,63.0,1.0,0.5384615384615384,0.1733333333333333,7.534415,0.750364,0.7101554999999999,0.0275302726187497,0,0,0,0,0,0,0,0,11.13,0,0,0,0,0,0,1,0,0,0,0,0,0,0,0,70.468,3,4,4,3,1,1,1,1,2,1,1,2,3,28.441,1,1,1,6.813,0,0,0,0,0,0,0,0,0,0,0,0,0,0,3,30.953
f9xjoighh0qfwmm86mqyv5f5,11,0,0,10,9,2,0,0.6111111111111112,55.0,0.9629629629629628,0.4857142857142857,0.32,7.180915000000001,0.5675835,0.250374,0.3878068237041656,0,0,0,0,0,0,0,0,53.768,1,0,3,2,0,1,3,1,0,0,0,0,0,0,0,98.141,1,4,4,1,1,1,1,1,1,1,2,1,3,84.175,0,0,0,5.62,0,0,0,0,0,0,0,0,0,0,1,0,1,0,3,31.521
fexsj0u5oib0e90p5kvm0lal,1,5,0,10,14,0,8,0.7777777777777778,58.0,1.0,0.3125,0.12,8.315245,0.9046265,0.6217250000000001,0.1853449221886308,0,0,0,0,0,0,0,0,13.496,0,0,0,0,1,0,0,0,1,1,1,0,1,1,0,60.455,2,3,3,2,1,2,2,1,2,2,2,2,3,38.867,3,3,2,7.933,0,0,0,0,0,0,0,0,0,0,0,0,0,0,3,43.712
ff6kgadu0qjiwk84rukj1h84,18,11,13,10,19,0,7,0.3222222222222222,40.0,0.9487179487179488,0.1999999999999999,0.56,2.96687,0.865005,0.572392,0.2035714559025794,2,2,3,1,2,1,2,0,39.447,2,3,2,3,3,3,3,2,1,1,1,1,3,1,1,145.57,3,3,2,2,1,2,1,3,3,3,3,3,3,71.593,3,1,3,10.528,0,0,0,0,0,0,0,0,0,0,0,0,0,0,3,30.965
fgjk761asl4q1j9d46ivqdhk,12,15,11,8,17,19,7,0.4666666666666667,42.0,0.4878048780487805,0.5208333333333333,0.3466666666666667,-6.290295,0.0039602349999999,0.0393743,-0.817224991568503,2,1,1,1,3,1,2,3,8.251,1,3,2,2,1,1,2,3,2,3,1,3,1,2,1,32.057,2,2,2,2,1,3,3,1,2,2,2,3,1,14.021,2,3,2,6.036,2,1,2,2,3,1,1,2,0,1,1,2,1,0,2,204.543
fiqso5uscn2zlqereap76xmw,1,9,4,5,16,8,6,0.5222222222222223,42.0,0.6829268292682927,0.7916666666666666,0.2933333333333333,2.50484,0.8603565,0.537971,0.2305507829889636,1,0,1,0,0,1,1,0,34.041,0,1,1,0,2,0,0,0,2,2,1,0,0,1,0,125.624,1,2,1,1,1,2,1,1,3,2,3,3,3,64.565,3,1,2,13.292,0,1,1,1,1,0,0,1,0,1,1,0,1,0,3,50.891
fl0bey18x3e1awvawxjz06jf,2,5,7,7,18,11,7,0.7,55.0,0.9814814814814816,0.3428571428571428,0.2,12.70035,0.309528,0.7945960000000001,-0.4393238440609932,0,2,2,1,0,2,0,0,33.167,0,1,0,0,1,1,1,0,1,1,1,0,0,0,0,177.899,2,2,1,2,2,1,1,2,3,3,3,3,3,54.521,2,3,2,9.382,1,0,1,0,1,1,0,1,1,1,1,1,1,1,3,66.373
fsig4dpz5iesxkjnc5e03ruv,1,0,0,11,14,1,0,0.5666666666666667,45.0,0.7954545454545454,0.8222222222222222,0.2933333333333333,4.38623,0.465072,0.6192150000000001,-0.1421607009952162,0,0,0,0,0,0,0,0,13.944,0,0,0,0,0,1,0,0,0,0,0,0,0,0,0,81.299,3,2,3,3,2,1,1,2,2,2,2,2,3,46.431,0,0,0,5.532,0,0,0,0,0,0,0,0,1,0,0,0,0,0,3,58.582
fuqsuj8ayzevglbwkk56ps6r,11,13,14,7,15,15,8,0.6333333333333333,49.0,0.9591836734693876,0.95,0.1333333333333333,5.74901,0.551705,0.972869,-0.2762502836858034,3,3,1,1,2,2,2,0,16.835,1,1,3,2,1,3,1,1,1,3,1,3,0,3,3,22.498,2,3,1,1,1,2,3,1,2,2,1,3,2,29.339,3,3,2,16.023,0,0,0,2,1,1,2,0,0,3,2,2,2,0,1,97.138
fy3568ynzims1sa778zhdgsj,0,7,14,4,18,8,12,0.6555555555555556,51.0,1.0,0.3589743589743589,0.2,16.0652,0.6692525,0.7354765000000001,-0.0471436127537767,2,2,3,2,1,3,1,0,15.694,0,0,0,0,2,0,0,0,1,1,1,1,0,1,0,96.562,1,1,1,1,1,1,1,2,3,3,3,4,3,41.096,4,4,4,8.518,1,0,1,0,0,1,1,0,1,1,1,1,0,0,3,54.347
g0hcri7lt06it7zaxn7bdehy,1,0,0,8,14,4,6,0.5777777777777777,43.0,0.8604651162790697,1.0,0.3066666666666666,6.013965,0.28071,0.8633135000000001,-0.5092583325429941,0,0,0,0,0,0,0,0,14.379,0,0,0,0,0,0,0,0,0,0,0,0,1,0,0,80.168,2,2,2,2,2,2,2,1,1,2,2,2,3,35.121,2,2,2,8.797,1,0,0,0,0,0,1,1,1,0,0,0,0,0,3,54.63
g2j8r1fp1mfn0sdufesl7l2w,8,5,6,10,16,16,9,0.6666666666666666,54.0,1.0,0.4722222222222222,0.2933333333333333,5.53589,0.9567825,0.752463,0.1195378311658565,1,1,1,1,0,2,0,0,14.866,0,0,1,1,0,1,3,2,1,1,2,1,0,0,1,31.312,1,1,4,4,1,2,2,2,2,2,3,2,2,26.68,3,3,3,5.206,0,3,1,0,1,1,0,2,2,2,2,1,1,0,2,41.634
g5eqvctv9id6b9ptz7kpkpcs,3,4,2,5,16,11,5,0.6777777777777778,52.0,1.0,0.5526315789473684,0.2,6.53161,0.8159175000000001,0.707379,0.0712523792971362,1,1,0,0,0,0,0,0,50.167,0,0,1,0,1,0,1,1,1,1,0,0,0,1,0,346.596,2,1,1,1,2,1,1,1,3,2,3,3,3,74.648,1,2,2,23.305,1,0,1,1,1,1,0,0,1,1,1,1,1,1,3,81.653
g7p583cf83iuo5tnssmqoom2,1,0,1,16,16,14,0,0.5222222222222223,46.0,0.8888888888888888,0.5909090909090908,0.2533333333333333,2.72273,0.969677,0.9764705,-0.0034907426081527,0,0,0,1,0,0,0,0,16.509,0,0,0,0,0,0,1,0,0,0,0,0,0,0,0,72.338,4,4,4,4,1,1,1,2,3,3,2,3,3,42.963,0,0,0,5.778,1,1,1,1,1,1,1,1,1,1,1,1,1,1,3,45.682
g93kv8yzmln3bk1vikjphvig,11,11,12,8,19,15,6,0.6,50.0,0.979591836734694,0.85,0.12,7.9568,0.3569025,0.9937205,-0.4714994487728995,2,2,1,3,1,1,2,2,27.885,2,1,2,1,1,2,1,1,2,2,2,1,2,2,1,24.611,3,2,2,1,2,3,2,3,3,1,2,3,2,22.525,3,2,1,7.195,1,1,0,1,1,1,2,0,1,2,2,2,0,1,2,77.189
gb9l1rxvfwpsridpzj2phab0,8,9,10,9,17,18,10,0.5777777777777777,43.0,0.7857142857142857,0.7659574468085106,0.28,2.1112450000000003,0.7131685,0.774007,-0.0409087562295102,2,0,1,1,3,3,0,2,12.994,0,0,3,2,1,1,0,0,3,2,3,0,2,0,2,4.134,2,2,4,1,1,2,4,4,3,1,1,1,2,11.513,3,3,4,2.245,0,1,0,3,1,3,2,3,1,0,1,0,3,0,1,15.954
gg3va1kde4m54v1ewawz8bo7,5,7,6,5,13,15,3,0.6666666666666666,50.0,1.0,0.5128205128205128,0.2133333333333333,7.56489,0.715268,0.7732380000000001,-0.0389450899089423,1,0,1,1,1,1,1,0,36.395,1,1,1,1,1,0,1,1,1,1,1,1,0,1,0,78.971,2,1,1,1,1,2,1,2,1,2,2,2,3,98.05,1,1,1,11.453,1,1,1,1,1,1,1,1,2,1,1,1,1,1,3,55.692
gi5el1yqgg66eawzpbt2cug6,1,6,10,7,22,10,9,0.6333333333333333,53.0,1.0,0.4594594594594594,0.3733333333333333,14.7861,0.8028815,0.328776,0.4189478707117657,1,1,2,2,1,1,2,0,25.047,0,1,0,1,1,0,0,0,1,1,1,1,0,0,0,110.143,1,2,2,2,2,2,2,3,3,3,3,4,3,34.929,3,3,3,5.663,0,1,0,0,0,1,1,1,1,1,1,1,1,1,3,59.042
gm54uazasq1wwy757lnxv8a7,14,6,8,8,10,3,8,0.6222222222222222,57.0,0.8070175438596491,1.0,0.1866666666666666,3.068055,0.8704465,0.9296925,-0.0329119029141638,1,1,2,0,1,0,3,0,62.284,1,1,3,2,1,1,3,3,2,0,0,2,1,0,0,184.737,4,2,1,1,1,1,1,1,2,2,1,1,3,102.034,4,2,2,20.709,0,0,0,1,0,0,0,1,0,0,0,1,0,0,2,103.808
grkd2z4k0wsugzpaadomco2b,4,2,5,9,18,7,4,0.6444444444444445,56.0,0.9636363636363636,0.4705882352941176,0.2266666666666666,10.1922,0.3077649999999999,0.7667935,-0.4271786971114183,2,0,1,1,1,0,0,0,19.803,1,1,1,0,1,0,0,1,0,0,0,0,1,0,0,80.282,3,2,2,2,2,2,2,3,2,2,2,3,3,102.967,1,2,1,8.062,0,0,1,0,0,1,0,0,2,1,0,1,0,1,3,47.04
gruwe2az316sg0lrtz6mop4m,18,16,18,4,14,6,11,0.2777777777777778,38.0,0.5945945945945946,0.2884615384615384,0.36,-2.025945,0.027615,0.769161,-0.9306831531070214,3,3,2,2,2,3,3,3,12.084,2,2,3,2,3,3,3,3,2,3,2,2,2,2,3,46.632,1,1,1,1,1,2,2,2,2,1,2,2,2,56.326,4,3,4,9.983,0,0,1,1,1,0,1,0,1,0,0,0,0,1,2,36.798
gt2taip1p76tvaqyb4294t47,0,11,2,4,21,3,7,0.6555555555555556,56.0,0.9272727272727272,0.4411764705882353,0.1866666666666666,5.885505,0.9364395,0.4533195,0.3476286176236312,0,0,1,0,0,1,0,0,25.579,0,1,0,0,1,0,0,0,2,2,3,1,0,1,0,151.136,1,1,1,1,2,2,2,2,3,3,3,4,3,50.786,3,2,2,9.698,0,0,0,0,0,0,0,1,0,0,0,0,0,2,3,57.625
h1pemdlnh3c9vhbgryg1ixhn,0,19,21,4,20,18,12,0.5444444444444444,50.0,1.0,0.4102564102564102,0.12,9.782025,0.9061785,0.5426895,0.2508779267676558,3,3,3,3,3,3,3,0,12.409,0,3,0,0,3,0,0,0,3,3,3,3,0,1,0,41.981,1,1,1,1,2,2,2,3,3,2,3,3,3,36.205,4,4,4,4.63,1,2,1,1,1,1,2,1,2,1,1,1,2,1,3,143.843
h1utmgv01tgofu4ja7y7he1r,2,1,0,9,12,14,3,0.6444444444444445,51.0,1.0,0.4102564102564102,0.2266666666666666,12.77205,0.4385449999999999,0.8069735,-0.2958033140415016,0,0,0,0,0,0,0,0,55.337,0,0,0,0,1,0,1,1,0,0,0,0,0,0,0,219.283,2,3,2,2,1,1,1,1,2,2,2,2,3,97.841,1,1,1,24.032,1,1,1,1,1,1,1,1,1,1,1,1,1,1,3,74.67
h2ob40i8w8dt2pnbe0fjyz69,0,0,0,7,14,1,3,0.7,54.0,0.981132075471698,0.4444444444444444,0.1733333333333333,5.792955,0.6807369999999999,0.704763,-0.0173410321183688,0,0,0,0,0,0,0,0,19.776,0,0,0,0,0,0,0,0,0,0,0,0,0,0,0,67.68,3,2,1,1,1,1,1,2,1,2,2,4,3,35.062,1,1,1,9.88,0,0,0,0,0,0,0,0,0,0,0,0,0,1,3,38.356
h3s7f80w8xa29f1pe7wotkx8,11,13,9,8,11,11,9,0.4777777777777778,46.0,0.9130434782608696,0.5116279069767442,0.2533333333333333,5.218439999999999,0.365042,0.9875765,-0.4602439638375492,2,1,2,1,1,1,1,0,34.785,2,2,1,2,2,0,2,1,2,2,2,2,3,1,0,71.028,2,2,2,2,1,1,1,2,1,1,2,2,3,50.214,3,2,4,13.158,0,1,1,1,1,1,1,1,0,0,1,1,1,1,3,40.762
h5hs7yvdwt3561x7r3lb2ic3,7,13,18,7,22,20,10,0.4555555555555555,40.0,0.425,0.8775510204081632,0.2933333333333333,2.65203,0.285765,0.831536,-0.4884726676159781,3,3,3,2,3,2,2,0,26.023,2,2,1,2,2,2,0,0,2,2,2,2,0,1,0,66.395,1,2,2,2,3,3,2,3,3,3,3,2,3,44.978,3,3,4,6.779,1,2,1,1,2,1,1,1,3,0,1,2,2,2,2,52.602
hat45nuw60i6qp17myltiq6e,12,8,8,11,19,7,1,0.4111111111111111,36.0,0.8888888888888888,0.5094339622641509,0.2666666666666666,8.570640000000001,0.0625971999999999,0.974328,-0.8792638080355265,0,1,2,1,1,2,1,1,24.252,2,1,2,1,1,2,2,1,1,1,1,1,2,2,2,47.891,3,2,3,3,2,3,2,2,2,3,2,3,1,33.262,1,0,0,10.377,0,0,1,0,1,1,0,1,1,0,0,0,1,1,2,31.724
hcikwtzf80rybffjd4nzmcqn,5,5,6,8,17,5,1,0.5777777777777777,41.0,0.951219512195122,0.4583333333333333,0.2666666666666666,3.884745,0.7742884999999999,0.9876975,-0.1211184424847871,1,1,1,1,0,1,1,0,13.585,0,1,0,0,1,1,2,1,1,1,1,0,1,0,0,95.512,2,2,2,2,2,2,1,2,2,3,2,3,3,27.417,0,0,1,6.666,0,1,1,0,0,0,1,0,1,0,1,0,0,0,3,38.123
he3bi0kweifzr3c3elm0xyx5,17,15,15,8,15,10,10,0.3444444444444444,43.0,0.8809523809523809,0.1063829787234043,0.5066666666666667,3.76373,0.9618415,0.0155311999999999,0.968218469781282,3,2,3,2,2,2,1,1,12.55,2,3,2,3,1,3,3,2,2,3,2,2,2,2,3,26.946,3,1,2,2,3,3,1,1,2,2,1,2,3,20.722,3,4,3,6.969,2,0,1,1,0,1,0,0,1,1,0,2,1,0,3,27.903
hhlynjf4hzepmv9w0mbcxqr6,6,5,10,4,14,10,4,0.5333333333333333,46.0,0.9333333333333332,0.6590909090909092,0.28,5.39834,0.4430725,0.7854315000000001,-0.2786795972988286,1,1,1,1,2,2,2,0,49.783,1,0,1,0,1,0,1,1,0,2,1,1,2,0,0,331.2,1,1,1,1,1,1,1,2,2,2,2,3,3,132.95,1,1,2,15.624,1,1,0,2,0,0,0,0,2,1,0,1,1,1,2,145.378
hjga6ro8xdcijnzxcabiekgh,10,8,7,8,20,19,6,0.6777777777777778,51.0,1.0,0.6923076923076923,0.1466666666666666,10.67275,0.8954420000000001,0.889778,0.0031727182084001,1,1,1,1,1,1,1,0,14.925,2,1,1,2,1,1,1,2,2,1,1,1,1,1,1,23.525,3,2,2,1,2,3,3,2,3,2,2,3,3,30.077,2,2,2,7.22,1,1,1,2,1,1,2,1,1,2,2,2,1,1,2,26.923
hp22ihu8hgb4l5p0ocf695wh,0,0,0,11,8,0,0,0.4777777777777778,43.0,0.7380952380952381,0.8723404255319149,0.3066666666666666,5.797755,0.098801,0.79525,-0.778981288539468,0,0,0,0,0,0,0,0,319.659,0,0,0,0,0,0,0,0,0,0,0,0,0,0,0,44.695,4,2,4,1,1,1,1,1,1,1,1,1,3,25.525,0,0,0,3.582,0,0,0,0,0,0,0,0,0,0,0,0,0,0,3,21.768
hp9jlhcupmuyhjt2v5kzyeyo,9,13,0,9,17,1,0,0.4,42.0,0.3571428571428571,0.9574468085106383,0.3466666666666667,3.66879,0.0730987,0.604134,-0.7841253087749603,0,0,0,0,0,0,0,0,32.968,0,1,1,2,1,2,3,1,2,3,2,2,0,2,1,52.087,1,4,2,2,1,1,3,2,2,2,2,4,0,123.488,0,0,0,12.81,0,0,0,0,0,0,0,0,0,0,0,0,0,1,3,73.112
hr3fruz8unemddmhsargqdjo,1,10,6,5,20,16,5,0.6888888888888889,53.0,1.0,0.8918918918918919,0.2533333333333333,7.850575,0.8388955,0.9259275,-0.0493148604704267,0,0,2,0,0,2,2,0,33.212,0,1,0,0,2,0,1,0,2,2,2,1,0,0,0,104.974,1,1,2,1,2,2,1,3,3,3,3,3,3,49.266,2,1,2,14.47,1,1,1,1,1,1,1,1,1,1,1,1,2,2,3,70.076
hrbrgwqw7co5zozydcd3fgrz,1,15,12,5,21,12,9,0.6666666666666666,55.0,1.0,0.8285714285714285,0.24,12.2179,0.6123375,0.919708,-0.2006275270545163,2,2,2,3,0,1,2,0,52.962,0,1,0,1,2,0,0,0,3,3,2,2,0,2,0,135.16,1,1,2,1,2,1,2,2,4,3,3,4,3,66.393,3,3,3,15.641,0,0,1,1,2,0,1,3,0,1,1,0,0,2,3,79.829
hvp7r3m4nd4hnwcb8su5ste8,7,11,13,6,10,4,9,0.6222222222222222,53.0,0.9423076923076924,0.5945945945945945,0.28,5.546115,0.45557,0.6263445000000001,-0.1578447280261056,2,2,2,2,1,2,2,0,18.324,1,1,1,1,2,1,1,1,1,2,2,2,1,1,0,92.781,1,2,2,1,1,1,1,2,1,2,1,1,2,168.923,3,3,3,4.973,0,1,0,1,0,0,1,0,0,0,1,0,0,0,3,128.521
hxlba4lafjaq254jq3x5hug0,3,3,1,11,15,3,3,0.5444444444444444,59.0,0.9827586206896552,0.5806451612903225,0.28,4.08879,0.5296335000000001,0.969741,-0.2935274009261861,0,0,0,1,0,0,0,0,14.575,0,1,1,0,1,0,1,0,0,1,0,0,1,0,0,58.547,3,3,3,2,2,1,2,2,2,2,2,2,3,28.306,1,1,1,5.161,0,0,0,0,0,1,0,0,1,0,0,0,0,1,3,41.731
i0ugmx5o8r0kmwjzjg0izrr6,10,10,6,4,13,3,8,0.6222222222222222,52.0,0.9607843137254902,0.9210526315789472,0.1733333333333333,8.49418,0.4217785,0.9756125,-0.3963343115849465,1,1,0,1,0,3,0,0,32.883,2,1,1,1,2,3,1,0,3,2,1,0,2,1,0,100.474,1,1,1,1,1,1,1,2,2,2,2,2,3,45.213,3,2,3,15.67,0,1,0,0,0,0,0,0,0,0,1,0,1,0,3,50.685
i25gjxbngzv1icp6foea9h68,6,7,7,10,17,14,3,0.6666666666666666,58.0,0.9824561403508772,0.71875,0.24,5.00756,0.775366,0.900969,-0.0749271476166756,1,1,1,1,1,1,1,0,31.889,1,1,1,1,1,1,1,0,1,1,1,1,1,1,0,62.439,3,3,2,2,2,2,2,2,2,2,2,3,2,45.21,1,1,1,12.253,1,1,1,1,1,1,1,1,1,1,1,1,1,1,2,39.0
i6affm1b3nhuvqtt5axqrbx9,10,2,4,7,17,20,1,0.4111111111111111,42.0,0.8048780487804879,0.6041666666666667,0.1466666666666666,2.483045,0.5258385,0.936783,-0.2809643506539456,1,0,1,1,0,0,1,0,65.252,2,0,1,1,1,0,2,3,0,0,1,0,1,0,0,145.77,2,2,1,2,2,2,2,2,2,2,2,3,3,89.597,1,0,0,13.082,2,1,1,1,1,3,1,1,3,1,1,1,2,1,3,98.42
i7go7bwvda0otq6epxskd21k,7,3,2,11,10,8,0,0.5777777777777777,45.0,0.75,0.9333333333333332,0.2133333333333333,2.5785150000000003,0.4970465,0.888261,-0.2824026434564167,1,0,0,0,0,1,0,0,51.137,2,0,0,2,1,1,1,1,0,1,0,1,0,0,0,248.76,2,3,3,3,1,1,1,2,1,1,2,1,3,169.1,0,0,0,43.454,0,0,0,0,0,2,1,1,0,0,1,1,1,1,3,131.552
ii6vjnrw5osveykviroi5sjs,4,6,7,8,14,9,6,0.6888888888888889,69.0,0.6956521739130435,0.65,0.1333333333333333,1.79811,0.6425244999999999,0.5815195,0.0498388946802565,1,1,1,1,1,1,1,0,25.105,1,0,1,1,2,0,0,1,1,1,0,2,0,0,0,73.975,2,2,2,2,2,2,1,2,1,2,2,2,3,35.394,2,2,2,9.233,1,0,0,0,0,1,0,1,2,0,1,1,1,1,3,42.62
iij7l7ztcavt3v3b8beljv40,14,10,14,9,14,14,9,0.3777777777777777,46.0,0.1111111111111111,0.8636363636363636,0.2933333333333333,0.70079,0.120826,0.2417685,-0.3335475303679454,3,2,3,2,1,1,2,0,224.897,2,2,2,2,2,1,2,2,1,1,2,1,3,1,3,47.521,3,2,2,2,3,1,2,2,1,1,2,2,1,99.278,2,4,3,8.798,1,2,1,2,0,1,1,0,2,2,1,0,1,0,2,59.54
ilccg6au6ebu6vrvwcnsxvnp,0,9,3,6,28,5,12,0.5777777777777777,52.0,1.0,0.5526315789473684,0.1866666666666666,5.384255,0.940243,0.8002235,0.0804494082477312,1,0,1,0,1,0,0,0,13.79,0,1,0,0,2,0,0,0,1,1,2,2,0,0,0,51.023,2,2,1,1,4,2,2,4,4,4,4,4,2,33.359,4,4,4,5.365,0,1,0,1,1,0,0,1,0,0,0,0,0,1,3,29.923
itgf2egc6lv9acekard2994a,0,0,0,10,15,0,0,0.3222222222222222,42.0,0.8571428571428571,0.3617021276595744,0.44,3.66527,0.9044395,0.606618,0.1970947498688832,0,0,0,0,0,0,0,0,10.503,0,0,0,0,0,0,0,0,0,0,0,0,0,0,0,43.938,2,4,2,2,1,1,1,2,3,2,2,3,3,45.02,0,0,0,5.929,0,0,0,0,0,0,0,0,0,0,0,0,0,0,3,32.957
j49ycui0iz38y7r8xtr8tnna,3,0,0,15,10,7,0,0.7333333333333333,59.0,1.0,0.3870967741935484,0.2266666666666666,9.500195,0.811767,0.417745,0.3204702353454052,0,0,0,0,0,0,0,0,18.565,0,0,0,0,0,0,2,1,0,0,0,0,0,0,0,101.654,3,4,4,4,1,1,1,1,1,1,2,2,3,51.755,0,0,0,7.247,0,0,0,0,0,0,1,0,2,1,0,1,1,1,3,59.421
j5uig6vo0a3bq4tw72necwg5,3,4,6,8,14,14,3,0.5444444444444444,50.0,0.979591836734694,0.25,0.4266666666666667,12.6105,0.1720525,0.08373565,0.3452734225569089,1,0,1,1,1,1,1,0,18.724,0,0,1,1,1,1,0,0,0,1,1,1,0,0,0,90.889,2,2,2,2,2,1,1,2,2,2,2,2,3,25.715,1,1,1,9.696,1,1,1,1,1,1,1,1,1,1,1,1,1,1,2,58.401
jakm2wy22dv5pig2gfe7sip6,5,2,3,6,11,1,1,0.6444444444444445,50.0,0.96,0.9743589743589745,0.1733333333333333,7.983155,0.4123535,0.969718,-0.4032819575542944,0,1,1,1,0,0,0,0,27.684,0,0,1,1,0,0,2,1,1,0,1,0,0,0,0,74.689,2,1,2,1,1,1,1,1,2,2,1,2,3,40.084,0,0,1,11.942,0,0,0,0,0,0,0,0,1,0,0,0,0,0,1,63.624
jenzwgz5xzbpfou39t519cbq,8,0,3,14,14,12,1,0.5888888888888889,49.0,0.9583333333333334,0.6341463414634146,0.2266666666666666,6.94259,0.2708049999999999,0.935415,-0.5509857239972807,1,0,0,1,0,1,0,0,27.181,0,0,1,0,0,1,3,2,0,0,0,0,1,0,0,88.101,4,3,4,3,1,2,1,2,2,2,2,2,3,74.094,0,1,0,12.955,1,1,1,1,1,1,2,0,1,1,0,1,1,0,3,57.678
jfvqy4bcxgd0018eo9v0aemz,1,3,6,6,15,13,5,0.6555555555555556,60.0,1.0,0.3793103448275862,0.2666666666666666,17.92885,0.8912945000000001,0.7325195,0.0977790559756228,2,1,1,1,0,1,0,0,27.902,0,0,0,0,1,0,1,0,0,0,1,1,0,0,0,159.262,1,2,1,2,1,1,2,1,3,2,2,3,3,58.648,2,1,2,21.475,1,1,0,0,0,2,2,1,2,1,1,0,1,1,3,54.532
jnabdy80h0q1gk2nwhrpcq4c,0,7,7,4,22,14,8,0.7333333333333333,54.0,0.981132075471698,0.3888888888888888,0.16,10.1059,0.303208,0.487607,-0.2331759008111884,2,0,1,1,0,2,1,0,27.516,0,1,0,0,2,0,0,0,2,1,1,0,0,0,0,55.752,1,1,1,1,2,2,2,2,4,3,3,4,3,48.79,3,3,2,7.96,1,1,1,1,1,1,1,1,1,1,1,1,1,1,2,27.18
jpjqotrhlpgroq452sz8q1pp,1,19,19,6,16,8,12,0.6444444444444445,49.0,0.979591836734694,0.95,0.1866666666666666,7.55847,0.5246934999999999,0.962578,-0.2944213615335197,3,3,3,3,3,2,2,0,20.699,0,1,1,0,3,0,0,0,3,3,3,3,0,3,0,75.082,1,2,2,1,2,2,2,2,2,2,2,2,2,53.182,4,4,4,7.223,1,1,1,0,1,0,0,1,1,0,0,0,1,1,3,45.301
jsiz28uvujubuu9fh299yt2x,3,1,6,8,17,3,4,0.6888888888888889,59.0,0.9655172413793104,0.5806451612903225,0.2,4.734875000000001,0.929558,0.7226585,0.1252254168869515,1,1,1,1,0,1,1,0,28.158,0,0,1,0,0,0,1,0,0,1,0,0,1,0,0,103.278,2,2,2,2,1,1,1,2,3,3,3,3,3,51.55,2,1,1,14.591,2,0,0,1,0,0,0,0,0,0,0,0,0,0,3,57.951
jsqd8nqe3yz1wf39o073cupk,3,8,5,5,19,1,3,0.7222222222222222,59.0,0.9655172413793104,0.2580645161290322,0.16,9.477855,0.726245,0.3093875,0.4025148882446235,1,0,0,1,1,1,1,0,48.355,0,1,0,0,1,0,1,0,2,1,1,1,2,1,0,99.094,2,1,1,1,1,2,2,2,3,3,3,3,3,52.086,2,0,1,7.623,0,0,0,0,0,0,0,1,0,0,0,0,0,0,3,37.737
jwf8igqmhrzi0d5auaw283ge,7,2,2,8,10,5,0,0.5555555555555556,48.0,0.9574468085106383,0.4047619047619047,0.2666666666666666,2.91093,0.9726195,0.9275145,0.0237377995446636,1,0,0,1,0,0,0,0,22.564,0,1,0,1,0,0,2,2,0,1,0,0,2,0,0,68.41,2,2,2,2,1,1,1,2,1,1,2,1,3,37.671,0,0,0,5.865,1,0,0,0,0,0,0,0,1,1,1,0,1,0,3,39.222
jyqbceyvrsxtbtis6813ecuq,3,5,5,5,20,7,7,0.7777777777777778,52.0,1.0,0.2972972972972972,0.08,11.99715,0.7019995,0.915352,-0.1319147383855642,1,1,1,0,0,1,1,0,17.734,0,0,1,1,1,0,1,0,1,1,1,1,0,0,0,91.902,2,1,1,1,2,2,1,2,3,3,3,4,3,42.742,2,3,2,8.491,0,0,1,0,0,1,0,1,0,0,1,2,0,1,3,47.67
k0jvnuk92lshedg61l3kgup4,7,3,3,9,17,12,3,0.4888888888888889,55.0,1.0,0.2941176470588235,0.4266666666666667,14.2554,0.881413,0.5334695,0.2459168870913308,1,0,0,1,0,1,0,0,24.705,1,0,0,1,1,2,2,0,1,1,0,0,1,0,0,99.451,2,2,3,2,2,2,2,2,2,2,2,3,3,54.787,1,1,1,12.177,1,1,1,1,0,1,1,1,1,0,1,1,1,1,3,62.837
k20lt88h187bwdhylafnqt2u,7,3,5,10,15,10,4,0.5333333333333333,45.0,0.7727272727272727,0.6444444444444444,0.2933333333333333,4.02104,0.239637,0.6929935,-0.4861051616905087,1,1,1,1,0,1,0,0,32.055,1,1,1,1,1,1,1,1,0,0,0,1,1,0,0,192.777,2,3,3,2,2,2,1,2,2,2,2,2,3,51.338,1,2,1,12.113,1,1,1,1,0,1,0,1,1,0,0,1,1,1,3,63.01
k4r8vpzt3fw549gr1ud5u95y,4,5,7,8,13,1,7,0.5666666666666667,51.0,0.84,0.9743589743589745,0.2666666666666666,4.849925000000001,0.474679,0.8833085,-0.3009081453253435,1,1,2,1,1,1,0,0,24.339,1,0,1,0,1,0,1,1,1,0,2,0,0,1,0,103.501,2,2,2,2,1,1,1,1,2,2,2,3,3,52.611,2,3,2,16.366,0,0,0,0,0,0,0,0,1,0,0,0,0,0,3,36.732
k9loevk12co5ni85iv4n1nhy,0,2,2,9,19,6,1,0.4777777777777778,36.0,0.8571428571428571,0.5925925925925926,0.28,2.66988,0.366745,0.963299,-0.4485220037833335,1,0,0,0,0,0,1,0,47.435,0,1,0,0,0,0,0,0,0,0,1,0,0,0,0,205.126,2,3,3,1,2,2,2,2,2,3,2,4,3,137.925,1,0,0,34.936,1,1,0,0,0,0,1,1,0,0,0,0,1,1,3,104.013
ko9z51q0qculkdsls68k4ph7,7,7,1,9,16,0,3,0.5111111111111111,44.0,0.7954545454545454,0.6222222222222222,0.2933333333333333,2.02795,0.887238,0.9010295,-0.0077122130777414,0,0,0,0,0,1,0,0,22.03,1,1,1,1,1,1,1,1,1,1,1,1,1,1,0,124.837,3,2,2,2,2,2,2,1,1,2,3,3,3,89.242,1,1,1,18.533,0,0,0,0,0,0,0,0,0,0,0,0,0,0,3,70.158
kse3g3i8vm4uhmn2p4sfnyy0,0,7,0,4,23,12,7,0.6555555555555556,57.0,1.0,0.2727272727272727,0.32,10.22575,0.694473,0.36711,0.3083724965452536,0,0,0,0,0,0,0,0,14.652,0,1,0,0,1,0,0,0,1,1,1,1,0,1,0,48.668,1,1,1,1,2,1,2,3,4,4,3,4,2,25.661,2,3,2,17.931,0,1,0,0,0,2,1,1,3,0,2,1,1,0,3,35.009
kwiconcwj088eqixqr19bdvk,5,4,13,6,18,6,9,0.4888888888888889,42.0,0.926829268292683,0.6041666666666667,0.3466666666666667,4.349145,0.8598825,0.925061,-0.0365157216460912,2,2,2,2,2,2,1,0,24.714,0,1,0,1,1,0,2,1,0,1,1,0,1,0,0,108.755,2,2,1,1,2,2,2,2,2,3,2,3,3,51.549,3,3,3,9.037,0,0,0,0,0,1,1,1,0,0,1,1,1,0,3,46.055
kz2mnejtguvxh70ucjcunti8,1,0,0,14,15,10,0,0.5888888888888889,45.0,1.0,0.409090909090909,0.3866666666666666,6.694315,0.9237055,0.7592325,0.0977296846348469,0,0,0,0,0,0,0,0,30.859,0,0,0,0,0,0,0,1,0,0,0,0,0,0,0,134.512,3,4,3,4,2,1,2,2,2,2,2,2,3,46.872,0,0,0,6.207,1,1,1,0,1,0,0,1,1,0,1,1,1,1,3,53.596
kzth30eqt6puh2fdm1xyqqcl,1,2,2,6,11,1,6,0.6777777777777778,51.0,1.0,0.4358974358974359,0.1866666666666666,10.9295,0.782518,0.953961,-0.0987302466658105,1,0,0,0,0,0,1,0,20.021,0,1,0,1,1,0,0,0,0,0,0,0,0,0,0,82.086,1,2,2,1,1,2,1,1,2,2,1,1,3,41.85,2,2,2,9.282,0,0,0,0,0,0,0,0,0,0,0,0,0,1,3,46.203
l3dgmgy4ntgblrflll7epil4,3,7,10,7,20,16,5,0.7333333333333333,62.0,0.9838709677419356,0.5185185185185186,0.1466666666666666,8.063345,0.7386165,0.8341985,-0.060771292237167,2,1,1,3,0,2,1,0,93.904,0,1,1,1,1,0,0,1,1,1,1,1,0,1,1,305.647,2,2,2,1,3,2,2,2,2,3,3,3,3,124.424,2,2,1,31.25,1,2,1,1,1,1,1,2,1,1,1,1,1,1,3,122.148
l4giixxbal8owtn90r4a0zmg,2,1,3,7,17,6,1,0.5111111111111111,40.0,0.725,0.5714285714285714,0.24,3.347825,0.2321535,0.688105,-0.4954602429643409,1,0,1,0,0,1,0,0,22.056,0,0,0,0,0,0,1,1,0,0,1,0,0,0,0,124.786,1,2,3,1,1,1,1,3,3,2,2,4,3,55.167,1,0,0,11.596,1,0,0,0,0,1,1,1,0,0,0,0,2,0,3,51.153
l768h0oa3rsy0s30wy81gx7w,15,12,3,4,8,9,6,0.5888888888888889,53.0,0.981132075471698,0.8333333333333334,0.2266666666666666,5.436145,0.7278965,0.985312,-0.1502534571828239,0,1,0,0,1,0,1,0,28.783,2,1,2,3,2,1,3,2,2,2,2,2,2,1,3,28.217,1,1,1,1,1,1,1,1,1,1,1,1,3,21.624,2,2,2,7.225,0,1,0,1,0,0,0,1,1,1,1,1,1,1,3,21.487
lfefipdfxe5vmdz550ub6rab,3,3,0,8,19,14,4,0.5333333333333333,44.0,0.7674418604651163,0.6086956521739131,0.2133333333333333,2.373225,0.9391055,0.6960405000000001,0.1486503345878593,0,0,0,0,0,0,0,0,15.097,0,0,2,0,1,0,1,0,1,1,0,0,0,0,0,73.275,2,2,2,2,2,2,2,3,2,3,2,3,3,42.288,2,1,1,10.965,1,1,1,1,1,1,1,1,1,1,1,1,1,1,2,43.56
lfmnxogaj6os5ptjy6jcrdx5,3,5,2,6,18,0,1,0.6444444444444445,49.0,0.9375,0.7073170731707317,0.2533333333333333,6.224055,0.510271,0.610615,-0.0895220388157225,0,0,0,1,0,1,0,0,19.127,0,0,1,1,1,0,1,0,1,1,1,1,0,0,0,83.175,1,2,2,1,1,2,1,2,3,3,3,3,3,46.511,1,0,0,7.363,0,0,0,0,0,0,0,0,0,0,0,0,0,0,3,39.297
lhrpsrhtf4ubnk9dev13a55u,6,15,17,4,22,15,10,0.5222222222222223,51.0,0.7843137254901961,0.6578947368421053,0.36,3.858625,0.7984469999999999,0.5610595,0.1746129937591323,2,2,2,3,2,3,3,0,29.848,0,2,1,0,3,0,1,2,2,2,2,3,2,1,0,93.381,1,1,1,1,3,2,1,4,4,2,3,3,3,82.18,4,3,3,10.768,0,1,1,1,0,2,1,1,2,1,2,1,1,1,2,69.719
ln0nrlca6tvkni2ac7xi7h7p,0,1,1,6,21,13,5,0.6666666666666666,49.0,0.9166666666666666,0.2195121951219512,0.1333333333333333,9.15681,0.1820034999999999,0.6251450000000001,-0.5490210289680276,0,0,1,0,0,0,0,0,19.112,0,0,0,0,0,0,0,0,1,0,0,0,0,0,0,64.044,1,2,2,1,2,2,2,3,3,3,3,3,3,37.153,3,1,1,10.621,0,1,1,1,1,1,1,1,1,1,1,1,1,1,3,46.173
lq0d2xsr43y3la4p6u2kw6dk,3,1,0,5,8,6,3,0.5777777777777777,50.0,0.9591836734693876,0.975,0.2266666666666666,6.146105,0.5490115,0.9620875,-0.2733613085575465,0,0,0,0,0,0,0,0,23.872,0,0,1,0,1,1,0,1,0,0,0,0,0,0,0,167.888,1,1,2,1,1,1,1,1,1,1,1,1,3,93.719,1,1,1,17.618,0,0,0,0,0,2,0,0,0,0,0,2,1,1,0,94.287
lrbgqwdhc5j9d3cfmhgrwfy1,0,0,0,8,20,11,0,0.4333333333333333,39.0,0.9230769230769232,0.7,0.24,4.88724,0.7474695,0.9709645,-0.1300573661833972,0,0,0,0,0,0,0,0,15.125,0,0,0,0,0,0,0,0,0,0,0,0,0,0,0,100.418,2,2,2,2,2,2,1,3,3,3,3,3,3,39.019,0,0,0,5.34,1,0,1,0,1,1,0,1,1,1,1,1,1,1,3,57.614
m1nml3stwvbiv4tyez8791cz,0,0,2,4,20,6,2,0.7444444444444445,59.0,1.0,0.6774193548387097,0.1466666666666666,14.9725,0.4600255,0.8270775,-0.2851768661870884,0,0,0,1,0,1,0,0,23.338,0,0,0,0,0,0,0,0,0,0,0,0,0,0,0,85.341,1,1,1,1,2,1,1,2,4,3,3,4,3,45.502,1,1,0,19.516,0,0,0,0,1,1,1,0,0,0,1,1,1,0,3,51.652
m2d9cakvpjzfvssrwsue1l8x,5,2,3,8,19,21,3,0.7,57.0,0.8571428571428571,0.8787878787878788,0.16,3.006635,0.938636,0.921921,0.0089838688091792,1,0,0,1,0,1,0,0,24.434,0,0,0,0,0,0,3,1,0,1,1,0,1,0,0,93.712,2,2,2,2,2,2,2,3,3,2,2,3,3,59.586,1,1,1,11.398,1,2,2,1,2,1,2,1,2,2,2,1,1,1,2,53.829
m4wzuj1s8ja9agm0qoc2xj95,2,3,10,9,15,12,5,0.6666666666666666,58.0,0.913793103448276,0.967741935483871,0.2,4.036705,0.9085565,0.945525,-0.0199389832647593,2,2,3,1,0,1,1,0,30.845,0,0,0,0,1,0,1,1,0,0,1,1,0,0,0,111.065,1,3,3,2,1,2,2,1,2,2,2,3,3,42.366,1,2,2,9.741,1,1,1,0,1,0,2,1,1,0,0,1,2,1,3,93.164
m94kxuxvt80yh510yh7slut7,0,0,0,13,11,1,0,0.5,39.0,1.0,0.3725490196078431,0.2666666666666666,5.552235,0.805476,0.5890895,0.1551640994990912,0,0,0,0,0,0,0,0,14.136,0,0,0,0,0,0,0,0,0,0,0,0,0,0,0,48.266,2,4,4,3,1,1,1,2,2,1,1,2,2,39.522,0,0,0,4.433,0,0,0,0,0,0,0,0,1,0,0,0,0,0,3,50.206
mc9b0kvhdjz7jqifqhgajsyr,1,0,2,12,13,0,3,0.6333333333333333,49.0,0.9791666666666666,0.7560975609756098,0.2933333333333333,4.815754999999999,0.9492025,0.9166095,0.0174685338072646,1,0,0,1,0,0,0,0,19.449,0,0,0,0,0,0,0,1,0,0,0,0,0,0,0,82.233,3,3,3,3,1,1,1,2,2,2,2,2,3,42.159,1,1,1,8.905,0,0,0,0,0,0,0,0,0,0,0,0,0,0,3,64.573
mg7hs29j7m7upg6e67lt7xnc,7,0,3,9,13,4,0,0.5666666666666667,47.0,0.9782608695652174,0.5116279069767442,0.28,7.44238,0.7325615,0.7230965,0.0065022141189757,0,0,1,1,0,1,0,0,19.355,0,0,1,1,0,1,2,2,0,0,0,0,0,0,0,73.78,2,3,2,2,1,1,1,1,2,2,2,3,3,47.009,0,0,0,8.506,1,0,0,0,0,1,1,0,1,0,0,0,0,0,3,55.546
miokf3xp31sodz9fu1ooo8rv,9,5,4,9,12,16,2,0.5,44.0,1.0,0.4,0.3333333333333333,8.32647,0.931704,0.6942775000000001,0.1460204190515082,1,0,1,1,0,0,1,0,29.883,1,1,2,1,0,2,1,1,1,1,1,1,1,0,0,110.634,2,2,3,2,1,1,1,2,2,1,2,2,3,88.934,1,1,0,85.145,1,1,1,1,0,2,2,2,1,1,1,1,1,1,3,107.725
mkx1kg37cbbam013vv3o4d5n,0,4,7,4,21,14,8,0.7777777777777778,62.0,1.0,0.6785714285714286,0.1733333333333333,8.526454999999999,0.6201865,0.808514,-0.1318173403033035,2,0,1,1,0,2,1,0,28.883,0,1,0,0,0,0,0,0,1,1,1,0,0,0,0,70.121,1,1,1,1,2,2,2,2,3,3,4,3,3,51.704,4,2,2,12.096,1,1,1,1,2,0,2,1,1,1,0,1,1,1,3,58.984
ml99dlvnxomrv0ljb817mo1s,4,2,5,6,19,19,8,0.6666666666666666,53.0,1.0,0.6216216216216216,0.2,6.645910000000001,0.9075305,0.862977,0.0251642537521021,0,1,1,1,0,2,0,0,31.266,0,0,0,0,0,1,1,0,1,0,1,0,2,0,0,123.728,1,1,2,2,2,2,3,3,2,2,2,3,3,67.841,3,2,3,11.801,1,1,1,1,1,2,2,1,2,1,2,2,1,1,2,47.878
mn3egk3kcwj6f1iqo6txxdc8,3,4,3,10,19,3,3,0.4777777777777778,39.0,0.9743589743589745,0.78,0.3733333333333333,8.270105000000001,0.6948989999999999,0.03395695,0.9068212312734774,2,0,0,0,0,0,1,0,71.735,0,0,1,0,0,0,1,1,1,1,1,1,0,0,0,178.739,3,2,3,2,1,2,1,2,3,3,3,4,3,129.487,1,1,1,44.025,0,0,0,0,1,0,1,0,0,0,0,0,0,1,3,105.837
mw91qbdbkogx67zcyhafmq4o,0,0,0,9,17,0,1,0.7111111111111111,53.0,0.9807692307692308,0.4324324324324324,0.16,8.49382,0.5575650000000001,0.580951,-0.0205407741305347,0,0,0,0,0,0,0,0,22.065,0,0,0,0,0,0,0,0,0,0,0,0,0,0,0,88.106,3,3,2,1,2,2,1,2,2,3,2,3,3,59.187,1,0,0,16.201,0,0,0,0,0,0,0,0,0,0,0,0,0,0,3,51.142
mx811ate6r8f9iz7i54tx8qh,2,1,2,7,21,11,4,0.5333333333333333,46.0,0.9777777777777776,0.2954545454545454,0.3066666666666666,6.947975,0.8421799999999999,0.536335,0.2218655582275129,1,0,1,0,0,0,0,0,44.739,0,0,0,0,0,0,0,1,1,0,0,0,1,0,0,113.129,2,2,2,1,2,1,2,2,3,4,3,4,3,70.59,1,2,1,18.788,1,0,0,0,0,1,1,2,0,2,2,1,0,1,3,75.979
mynywo837risvkfygi19hhpg,0,0,5,7,16,2,4,0.7555555555555555,57.0,1.0,0.4375,0.1466666666666666,6.98991,0.8228685,0.8329070000000001,-0.0060627180435995,1,1,1,1,0,1,0,0,14.522,0,0,0,0,0,0,0,0,0,0,0,0,0,0,0,69.752,2,2,1,2,2,1,1,2,3,2,2,3,3,33.905,2,1,1,11.212,0,0,0,0,0,0,1,0,0,0,0,0,1,0,3,55.577
mzbjh9jcagvog8amt8gmj6l9,1,2,0,8,20,12,2,0.6555555555555556,56.0,0.9636363636363636,0.2941176470588235,0.16,3.433665,0.5160045,0.959974,-0.3007967256975626,0,0,0,0,0,0,0,0,28.358,0,1,0,1,0,0,0,0,0,0,1,0,0,0,0,169.186,2,2,2,2,2,2,2,2,3,4,2,3,3,82.38,1,1,0,11.256,1,1,1,1,2,1,1,1,0,0,1,1,0,1,3,63.321
n29vff3xy758kc4si86avrjk,13,9,9,8,15,6,4,0.5222222222222223,47.0,0.8260869565217391,0.9302325581395348,0.2533333333333333,2.5626550000000003,0.883051,0.906342,-0.0130161456985692,1,1,2,2,1,1,1,0,48.404,1,1,0,3,2,2,3,2,1,1,1,1,2,2,0,92.561,2,1,2,3,2,2,2,1,1,2,2,3,3,73.407,1,1,2,30.974,1,0,0,0,0,0,0,0,1,1,1,0,1,1,2,98.104
n4ztb6292aou1l4jr8n0tezk,2,0,0,9,16,14,3,0.2888888888888888,37.0,0.4324324324324324,0.6346153846153846,0.2666666666666666,2.941295,0.142374,0.0204602,0.7486989833830976,0,0,0,0,0,0,0,0,59.504,0,0,0,0,0,0,1,1,0,0,0,0,0,0,0,159.149,2,3,2,2,2,2,2,2,2,2,2,2,3,135.871,1,1,1,21.619,1,1,1,1,1,1,1,1,1,1,1,1,1,1,3,207.368
nbisw5umh0isb2ixsbdr99q5,1,2,0,8,22,1,3,0.5888888888888889,54.0,0.9444444444444444,0.2857142857142857,0.2933333333333333,10.9243,0.1132875,0.5933915000000001,-0.6793805957160183,0,0,0,0,0,0,0,0,21.635,1,0,0,0,0,0,0,0,1,0,1,0,0,0,0,100.789,2,2,2,2,2,2,2,3,3,3,3,4,3,50.237,1,1,1,11.293,0,0,0,0,0,0,0,1,0,0,0,0,0,0,3,78.026
ne5nmyju0k0oi4ez7ql5rkbc,3,18,18,4,20,13,6,0.4222222222222222,43.0,0.7674418604651163,0.6086956521739131,0.28,1.95933,0.374658,0.948552,-0.4337134695173102,3,3,3,2,1,3,3,0,29.613,0,2,1,0,3,0,2,0,3,3,3,2,0,2,0,78.052,1,1,1,1,2,2,2,3,2,3,3,3,1,58.479,2,1,3,12.296,1,1,1,1,0,0,2,1,1,0,2,1,1,1,3,59.98
neoj5f2tsstve521cz90zd7y,6,11,9,7,18,18,8,0.5888888888888889,53.0,0.8461538461538461,0.8378378378378378,0.1733333333333333,5.507054999999999,0.238279,0.9455685,-0.5974498404566466,2,1,1,1,2,1,1,0,26.925,0,2,1,0,2,1,2,1,1,2,2,1,1,1,1,138.995,2,1,2,2,2,2,1,2,3,2,3,3,3,56.867,3,3,2,14.72,2,3,1,1,0,1,1,1,1,2,2,1,1,1,3,56.766
nf8od7h3v3autbl7bobc44vj,7,11,4,6,12,2,2,0.5666666666666667,55.0,0.9454545454545454,0.8529411764705882,0.1866666666666666,5.436814999999999,0.4693025,0.966727,-0.3463887754395017,0,0,0,2,2,0,0,0,27.301,2,2,1,1,2,1,1,1,1,2,0,2,0,2,2,78.058,1,2,1,2,1,1,1,1,2,2,2,2,3,190.593,1,1,0,17.606,0,0,0,0,1,0,0,1,0,0,0,0,0,0,3,32.349
ngpbl2m7v35qr23mxqg4zq6j,7,1,2,6,16,7,3,0.6111111111111112,53.0,0.9807692307692308,0.6216216216216216,0.2133333333333333,4.782439999999999,0.8621075,0.9671335,-0.0574150699661772,0,0,1,0,1,0,0,0,29.598,1,0,1,1,0,1,2,1,1,0,0,0,0,0,0,102.67,1,2,2,1,2,1,2,2,2,2,3,2,3,68.991,1,0,2,14.75,0,0,0,0,0,1,0,1,1,1,0,1,1,1,3,64.735
nk20nova3ldcu67y76d1t9jz,0,0,0,7,9,0,0,0.4777777777777778,44.0,1.0,0.2391304347826086,0.4266666666666667,10.00585,0.886396,0.7102175,0.1103451148321118,0,0,0,0,0,0,0,0,19.975,0,0,0,0,0,0,0,0,0,0,0,0,0,0,0,101.075,3,2,1,1,1,1,1,1,1,1,1,2,3,48.078,0,0,0,12.087,0,0,0,0,0,0,0,0,0,0,0,0,0,0,3,54.444
ny6aiki69pl2sa6bs4po6ig5,16,19,18,7,12,8,10,0.3666666666666666,32.0,0.3225806451612903,0.7758620689655172,0.3466666666666667,4.62216,0.0299148,0.594725,-0.9042174385942106,3,2,2,3,3,2,3,2,30.747,2,3,2,2,3,2,3,2,3,2,3,2,3,3,2,25.837,2,1,2,2,1,1,2,2,2,1,2,1,3,27.039,4,3,3,12.314,0,1,0,1,0,0,0,1,1,1,0,1,1,1,3,26.271
o1tws8uglfy7iud0zcdhb0of,4,16,19,5,12,12,12,0.4222222222222222,33.0,0.9393939393939394,0.6785714285714286,0.3466666666666667,4.008185,0.9048285,0.923359,-0.0101359953505863,3,3,3,3,1,3,3,0,22.334,1,2,1,0,3,1,0,0,3,2,3,2,1,1,0,367.562,1,2,1,1,1,1,1,1,2,1,1,4,3,93.732,4,4,4,8.088,1,1,0,0,2,0,1,0,1,2,2,1,0,1,3,149.618
o1vx5thxb89l44xmoqh1wwz0,2,0,0,16,21,6,0,0.6333333333333333,52.0,0.9411764705882352,0.7894736842105263,0.1733333333333333,8.793865,0.3392755,0.9710545,-0.4821525875161218,0,0,0,0,0,0,0,0,42.946,0,0,0,0,0,0,1,1,0,0,0,0,0,0,0,120.82,4,4,4,4,2,2,2,3,3,3,3,3,3,53.883,0,0,0,8.592,0,0,0,0,1,1,0,1,1,0,0,1,0,1,3,52.585
o6kb7svqlmiv784yyvo82og9,5,3,6,9,19,17,6,0.4333333333333333,40.0,0.4615384615384615,0.76,0.3466666666666667,2.04022,0.2845925,0.8552325000000001,-0.500638255872612,1,1,1,1,1,1,0,0,38.574,1,0,1,1,1,1,1,0,0,1,1,0,0,0,0,166.421,2,2,2,3,2,2,1,2,3,3,3,3,3,136.707,2,2,2,11.165,1,1,1,1,1,1,1,2,2,1,1,1,2,1,3,85.886
obyyqp9qfruwsd0srd1za801,9,2,1,5,15,3,3,0.2888888888888888,31.0,0.9032258064516128,0.2241379310344827,0.2,-21.7193,0.0015407749999999,0.0551598,-0.9456522266308588,0,0,0,0,0,0,1,0,36.12,1,1,2,0,1,1,2,1,0,0,0,0,2,0,0,134.411,1,2,1,1,1,1,2,2,2,2,2,3,3,71.67,1,2,0,21.713,1,0,0,0,0,0,0,0,1,0,0,0,0,1,3,49.148
oc0019i87h6mkoth39vmedqq,0,0,0,8,15,6,3,0.6888888888888889,68.0,0.6567164179104478,0.6818181818181819,0.12,2.00511,0.9146285,0.5415105,0.2562379003652811,0,0,0,0,0,0,0,0,13.978,0,0,0,0,0,0,0,0,0,0,0,0,0,0,0,24.655,2,2,2,2,2,2,1,2,2,2,2,2,3,21.401,1,1,1,5.721,0,0,0,0,0,0,1,1,1,0,0,0,2,1,3,32.065
ofcrkm8mve7t3y81h2ahi6tr,5,4,3,10,12,11,2,0.4888888888888889,49.0,0.8775510204081632,0.825,0.24,2.579155,0.9132875,0.953113,-0.0213381318746967,0,0,1,1,0,1,0,0,41.964,0,0,1,0,1,1,1,2,0,1,1,1,0,0,0,343.814,2,3,3,2,2,1,1,2,1,2,2,1,0,77.808,1,1,0,13.089,1,1,0,0,1,1,0,1,1,0,1,1,1,2,2,161.998
ofrox51pmggtdf039k1xu98q,5,16,12,6,20,16,9,0.7888888888888889,61.0,1.0,0.5714285714285714,0.12,6.63626,0.761638,0.8071025000000001,-0.0289815300873535,3,2,2,2,0,1,2,0,28.329,1,2,1,0,2,1,1,0,2,2,3,3,1,2,0,106.213,1,2,2,1,3,2,1,3,2,3,3,3,2,55.63,3,3,3,6.805,1,2,1,0,1,1,1,0,2,1,2,2,1,1,3,65.157
og5eiqhl4ell3pvt7e47zjx1,13,5,7,10,18,7,4,0.6,48.0,0.9166666666666666,0.5609756097560976,0.1733333333333333,5.061495,0.3264034999999999,0.6980230000000001,-0.3627585776041522,1,1,0,1,2,2,0,0,39.514,2,1,2,2,2,2,2,3,0,1,0,0,0,1,2,29.048,3,2,3,2,2,2,2,1,2,3,3,3,3,22.135,1,2,1,14.15,1,0,1,0,0,0,0,1,2,1,1,0,0,0,3,55.821
ol0fexiw547u6gli6izgrus4,0,0,0,5,13,14,3,0.6,45.0,1.0,0.3636363636363636,0.2533333333333333,11.481,0.7524310000000001,0.881599,-0.0790487322754171,0,0,0,0,0,0,0,0,21.176,0,0,0,0,0,0,0,0,0,0,0,0,0,0,0,67.033,1,1,2,1,1,1,1,2,2,2,2,2,3,42.743,1,1,1,8.121,1,1,1,1,1,1,1,1,1,1,1,1,1,1,3,53.625
ow3rmlf7ftv9o9jowr5pudue,0,0,2,8,16,12,5,0.7666666666666667,57.0,1.0,0.34375,0.1733333333333333,10.48845,0.8498985,0.512275,0.2478564588138001,1,0,1,0,0,0,0,0,18.687,0,0,0,0,0,0,0,0,0,0,0,0,0,0,0,67.175,2,2,2,2,2,2,1,2,2,2,2,3,3,37.867,2,1,2,8.929,1,0,1,1,0,1,1,1,1,1,1,1,1,1,3,39.693
ozklnmnvkoeg9rhy7e65pj31,4,9,7,8,23,19,9,0.5333333333333333,48.0,0.8936170212765957,0.9047619047619048,0.2,3.716875,0.7987755,0.9675425,-0.0955473476463468,1,0,2,2,0,1,1,0,35.047,0,1,2,1,1,0,1,0,1,1,1,3,0,1,0,199.304,3,1,2,2,2,2,2,2,4,4,3,4,3,99.654,4,3,2,48.69,2,1,2,1,1,1,1,2,2,1,2,1,1,1,2,86.573
p63k33kd0va3yr9hsisv7nza,6,1,1,11,16,14,3,0.5444444444444444,44.0,0.9767441860465116,0.9130434782608696,0.2533333333333333,5.6513100000000005,0.7881635,0.977624,-0.1072951869916397,0,0,0,1,0,0,0,0,24.987,0,0,1,0,1,1,2,1,0,0,0,0,1,0,0,150.086,3,3,3,2,2,2,1,2,2,2,2,3,3,65.37,1,1,1,18.439,1,1,1,1,1,1,1,1,1,1,1,1,1,1,1,62.075
pbe1z8nw3u49kut6yzpm5d8d,2,0,0,7,14,0,1,0.6,50.0,1.0,0.975,0.2133333333333333,11.52405,0.7727580000000001,0.976376,-0.1164107495480619,0,0,0,0,0,0,0,0,17.344,0,0,1,1,0,0,0,0,0,0,0,0,0,0,0,122.178,2,2,2,1,2,1,3,1,2,2,1,2,3,51.416,0,1,0,8.23,0,0,0,0,0,0,0,0,0,0,0,0,0,0,3,50.352
pcbef4vi4t1k3os59yintjx7,6,3,8,15,14,0,6,0.6666666666666666,59.0,1.0,0.5483870967741935,0.2533333333333333,6.61476,0.909898,0.79085,0.0699974364220918,1,1,1,1,1,2,1,0,43.403,1,1,1,1,1,1,1,1,0,1,0,0,0,0,0,223.498,4,4,4,3,1,1,1,1,2,2,2,4,3,86.177,2,2,2,15.811,0,0,0,0,0,0,0,0,0,0,0,0,0,0,3,58.165
pfs02c9pkgwibojrw7huyt8j,11,8,13,10,17,9,9,0.6333333333333333,56.0,0.9090909090909092,0.9117647058823528,0.2133333333333333,4.23816,0.840444,0.9152145,-0.042588293794038,2,2,1,2,2,2,2,1,23.495,2,1,1,2,1,1,1,2,1,1,1,2,2,1,2,57.273,3,3,2,2,2,3,1,2,2,3,2,2,2,35.847,3,3,3,10.546,0,1,0,0,1,1,1,0,1,1,1,0,0,2,3,38.073
pfvcy6m8s0xkkfd9llpty0gt,14,8,2,8,9,6,2,0.6444444444444445,47.0,1.0,0.4651162790697675,0.24,11.18335,0.803176,0.8190215000000001,-0.0097679228330706,0,0,0,0,1,1,0,0,26.315,3,1,2,3,1,3,1,0,2,2,0,1,2,1,0,163.585,2,2,3,1,1,1,1,1,1,2,1,1,2,42.932,1,1,0,11.638,0,1,0,0,1,0,0,0,2,0,0,0,1,1,3,52.481
phbhdjtlsux8o4b6lw205gdn,0,0,0,16,16,12,0,0.3888888888888889,39.0,0.3846153846153846,0.62,0.3333333333333333,1.31139,0.208812,0.175912,0.0855158503238684,0,0,0,0,0,0,0,0,12.111,0,0,0,0,0,0,0,0,0,0,0,0,0,0,0,29.385,4,4,4,4,2,2,2,2,2,2,2,2,3,36.63,0,0,0,5.196,1,1,1,1,0,1,1,1,1,0,1,1,1,1,3,30.44
pinf9kszx4wbdkhy5l1hwa6c,9,1,4,4,10,12,6,0.5666666666666667,47.0,0.8695652173913043,0.8372093023255813,0.28,3.999505,0.827696,0.980911,-0.0847143685720557,0,1,2,0,0,1,0,0,28.584,1,0,1,1,1,1,2,1,0,0,0,0,2,0,0,156.272,1,1,1,1,1,1,3,1,1,1,1,1,3,76.908,2,2,2,7.599,1,0,0,1,1,2,2,0,0,1,2,1,1,0,2,61.015
pips94le21jq08pesfaiefxd,8,14,10,7,21,15,4,0.4666666666666667,37.0,1.0,0.3269230769230768,0.5333333333333333,1.47019,0.1040725999999999,0.1022635,0.0087677338090619,1,1,2,2,1,2,1,0,24.995,1,2,1,2,2,1,1,0,2,2,2,2,2,2,0,88.237,2,2,1,2,2,2,3,2,3,3,3,3,1,62.476,2,1,1,9.071,1,2,1,1,1,1,1,1,1,1,1,1,1,1,3,67.592
pj2juz9u4o3412tuhaaon2mx,1,6,16,4,14,11,12,0.7,74.0,0.5405405405405406,0.5333333333333333,0.2266666666666666,5.63258,0.0665813,0.00384607,0.8907791104509513,3,3,3,2,1,2,2,0,26.259,0,1,0,0,1,0,1,0,1,1,1,1,0,0,0,73.677,1,1,1,1,1,1,1,1,2,3,2,3,3,44.361,4,4,4,6.425,1,1,1,0,1,1,0,1,1,1,1,1,1,0,3,33.682
pky1krp9005h74sp6c3uzav9,4,6,13,4,15,1,10,0.5111111111111111,47.0,1.0,0.2558139534883721,0.2933333333333333,6.438795000000001,0.8603725,0.47371,0.2898340245074798,1,3,3,3,1,1,1,0,41.231,1,1,1,0,1,0,1,1,1,1,1,1,0,0,0,140.379,1,1,1,1,2,1,1,2,3,2,1,3,3,90.151,3,4,3,9.634,0,0,0,0,0,0,0,0,0,1,0,0,0,0,3,52.983
pnmept0z8agaln6bqziozweo,15,12,12,11,18,11,2,0.5444444444444444,45.0,0.8636363636363636,0.9111111111111112,0.2666666666666666,3.42628,0.5647325000000001,0.9589065,-0.2587056382778334,2,3,1,2,1,1,2,2,29.585,1,2,3,2,1,2,3,2,1,2,2,2,2,2,1,88.505,4,2,2,3,3,3,2,1,2,2,2,3,2,73.91,0,1,1,15.275,1,0,1,2,1,0,1,1,1,1,0,0,0,2,1,61.259
po1nb7atf5j4ghhdgotzdk87,0,20,18,5,23,28,12,0.7555555555555555,55.0,1.0,0.4117647058823529,0.16,14.7483,0.9120375,0.7944045,0.0689346605392976,3,3,3,3,1,3,2,0,23.166,0,3,0,0,3,0,0,0,3,3,3,3,0,2,0,109.377,1,2,1,1,3,2,2,3,3,3,3,4,2,65.97,4,4,4,8.402,1,2,3,2,1,3,2,2,3,1,3,2,2,1,0,132.359
poea2a28uml13k7mbk6w4ou5,14,12,16,10,16,14,10,0.5111111111111111,47.0,0.7391304347826086,0.9534883720930232,0.32,5.25562,0.2015195,0.887534,-0.6299180894235223,3,2,2,3,2,2,2,3,9.034,0,3,3,3,1,2,2,2,3,2,0,3,2,0,2,21.057,2,3,2,3,2,2,2,2,2,3,2,1,2,8.295,4,3,3,5.067,0,1,2,1,1,0,0,1,3,1,0,1,0,3,2,8.283
prixwwn7ldvehxeuaw036cka,5,0,6,6,14,0,9,0.5444444444444444,42.0,0.975609756097561,0.6458333333333333,0.2533333333333333,8.54359,0.4528075,0.8623625,-0.3114084110799364,1,1,1,0,1,1,1,0,28.192,0,0,1,1,0,0,1,1,0,0,0,0,1,0,0,82.333,1,2,2,1,2,2,1,1,2,2,2,2,3,57.909,3,3,3,9.689,0,0,0,0,0,0,0,0,0,0,0,0,0,0,3,57.125
ptz9jbgy1fhpy8jo3lpshxna,7,19,18,4,15,0,9,0.4333333333333333,43.0,0.5,0.9361702127659576,0.3066666666666666,1.394325,0.9270685,0.658771,0.1691832622405987,3,3,3,3,2,3,1,0,29.449,0,2,2,2,3,0,0,0,3,3,3,3,3,2,0,115.846,1,1,1,1,2,2,1,1,3,2,1,3,3,75.917,4,1,4,7.101,0,0,0,0,0,0,0,0,0,0,0,0,0,0,3,51.444
pv0jxvb2357a5p0fwzibuqry,8,14,15,4,18,13,8,0.5444444444444444,49.0,1.0,0.2439024390243902,0.36,7.291605000000001,0.7887295,0.393292,0.3345434072053681,2,2,3,2,3,1,2,0,62.719,1,2,1,1,2,1,0,1,2,2,2,2,3,2,0,150.705,1,1,1,1,2,2,1,2,3,3,2,3,3,71.598,3,3,2,16.383,1,1,1,1,0,1,1,1,1,1,1,1,1,1,3,111.249
pwjlt47u6xaxkcx5xnxonxjy,3,5,8,8,15,4,7,0.6222222222222222,54.0,0.9074074074074074,0.7142857142857143,0.2133333333333333,4.547295,0.854195,0.629262,0.1516275834082147,1,1,1,2,1,1,1,0,23.015,0,1,0,1,1,0,1,1,1,1,0,1,0,0,0,219.029,1,2,3,2,2,1,2,2,2,2,2,2,3,56.175,3,2,2,5.858,0,0,0,0,0,1,0,0,0,1,1,0,0,1,3,124.034
pydsub3305ez6hew5ads85ge,1,5,2,8,20,15,4,0.5111111111111111,45.0,0.8222222222222222,0.7272727272727273,0.1866666666666666,8.728584999999999,0.1942835,0.98682,-0.671013590256908,0,0,1,0,0,1,0,0,35.99,0,0,0,1,1,0,0,0,1,1,1,1,0,0,0,152.382,2,2,2,2,2,2,1,2,3,4,2,4,3,98.816,2,1,1,27.38,1,1,1,1,1,1,1,1,2,0,1,1,1,2,3,77.862
q7os2mbb6ijejlub0fmdwyth,2,4,6,10,11,8,3,0.5222222222222223,50.0,0.7755102040816326,0.8,0.3066666666666666,3.872565,0.4454475,0.540495,-0.0964026806837112,1,1,1,1,1,1,0,0,24.52,1,0,0,0,1,0,0,1,1,1,0,1,0,0,0,65.463,2,3,3,2,1,2,1,2,1,2,1,1,3,87.597,1,1,1,8.473,1,1,1,0,1,1,0,1,1,0,0,0,0,1,3,46.495
qcdk2tj1c6i20hiduqjeh67w,0,6,10,8,10,4,6,0.6111111111111112,45.0,0.9555555555555556,0.5909090909090908,0.1733333333333333,7.301055,0.31259,0.957994,-0.507958545047002,1,1,2,2,1,2,1,0,29.195,0,1,0,0,1,0,0,0,1,1,1,1,0,0,0,93.874,2,2,2,2,1,2,1,1,1,1,1,2,3,63.82,3,1,2,12.097,0,0,0,1,0,0,0,0,1,1,0,0,1,0,2,69.446
qlgapgx6bfkf4ff2uhuofcr6,16,14,16,8,16,13,10,0.3222222222222222,34.0,0.4242424242424242,0.4642857142857143,0.2933333333333333,-0.248085,0.251083,0.314126,-0.1115392713137972,1,3,2,2,3,2,3,2,20.456,1,2,2,3,2,2,3,2,2,2,1,2,3,3,2,38.668,2,2,3,1,3,2,2,1,3,2,2,1,2,57.91,3,4,3,17.079,0,1,2,1,1,1,2,1,1,0,1,1,1,0,3,38.862
qqi5znxg9c08psfg0wbsi1jc,10,4,6,4,18,4,8,0.4777777777777778,44.0,0.8372093023255814,0.8260869565217391,0.2666666666666666,4.22775,0.2937885,0.957569,-0.5304483331102422,1,2,1,0,0,2,0,0,40.265,2,1,2,1,0,2,1,2,0,1,2,0,0,0,0,115.178,1,1,1,1,2,2,1,2,3,2,3,3,3,69.062,3,3,2,15.915,2,0,0,0,0,0,0,1,0,1,0,0,0,0,3,51.061
qryxvy9232jetvwgtops3qjw,9,2,6,11,13,0,3,0.5,43.0,0.7857142857142857,0.7659574468085106,0.2533333333333333,2.307225,0.68005,0.8904725,-0.1339824803528761,1,1,1,1,1,1,0,0,16.417,1,0,1,1,0,1,2,2,0,0,1,1,1,0,0,52.917,2,3,3,3,2,1,1,1,2,2,2,2,3,25.065,1,1,1,9.273,0,0,0,0,0,0,0,0,0,0,0,0,0,0,3,27.296
r8kvfvak4zlrwvn6pisn9vn3,4,1,5,7,20,1,5,0.6555555555555556,46.0,0.9555555555555556,0.7045454545454546,0.1866666666666666,4.26221,0.910627,0.6240345,0.186746393260012,1,1,1,1,0,1,0,0,17.99,1,0,1,0,0,0,1,1,1,0,0,0,0,0,0,112.596,1,3,2,1,2,2,2,2,4,2,3,3,3,29.109,1,2,2,7.146,1,0,0,0,0,0,0,0,0,0,0,0,0,0,3,28.644
rajsvfwo2n9j6m1oj6c91rj3,0,0,0,10,11,3,0,0.6333333333333333,48.0,0.9574468085106383,0.5476190476190477,0.1733333333333333,5.39171,0.735136,0.7456929999999999,-0.0071291148404035,0,0,0,0,0,0,0,0,18.774,0,0,0,0,0,0,0,0,0,0,0,0,0,0,0,81.98,2,2,4,2,1,1,1,1,2,1,1,3,3,76.254,0,0,0,12.763,0,1,0,0,0,0,0,0,1,0,0,0,1,0,2,67.618
rd874rrg3n6blz5e2vmch8ks,8,4,4,7,15,5,6,0.7111111111111111,56.0,0.9818181818181818,0.5882352941176471,0.12,6.237295,0.81579,0.697405,0.0782351250169343,0,0,1,1,0,1,1,0,66.131,1,1,1,2,1,0,2,1,1,1,0,0,1,0,3,304.48,2,2,2,1,1,1,1,1,2,3,3,3,3,57.076,2,3,1,68.887,1,0,0,0,0,0,0,0,2,1,0,0,1,0,3,161.392
req395sg5aaa99tgui0irfk8,17,17,16,7,13,7,11,0.5333333333333333,39.0,0.868421052631579,0.7254901960784313,0.1866666666666666,3.2648200000000003,0.687001,0.967493,-0.1695334041707011,3,3,3,2,2,2,1,2,76.242,3,2,2,3,1,2,2,3,3,3,3,2,2,3,2,40.651,2,2,2,1,2,1,2,2,1,1,2,2,3,45.234,3,4,4,12.637,0,1,0,0,1,1,1,1,1,0,0,0,0,1,2,42.289
res0ruqjbr1gufnelh1gmu11,0,21,20,5,14,7,12,0.4555555555555555,50.0,0.94,0.5641025641025641,0.32,7.290749999999999,0.492373,0.8333345,-0.2571921030845793,3,3,3,3,2,3,3,0,24.046,0,3,0,0,3,0,0,0,3,3,3,3,0,3,0,81.366,1,1,2,1,2,1,3,2,1,1,2,2,3,76.482,4,4,4,10.295,1,1,0,0,0,0,1,0,0,2,1,0,1,0,3,104.931
rlfnbchmxcdnmvh8rchpiker,18,12,13,7,11,0,9,0.6777777777777778,62.0,0.7377049180327869,1.0,0.1733333333333333,2.828895,0.8889325,0.918871,-0.0165607047447357,2,2,2,1,1,2,3,0,23.822,2,3,3,3,2,2,3,2,1,1,3,1,3,1,0,98.306,2,2,2,1,2,1,1,1,1,2,1,2,3,57.683,3,4,2,24.626,0,0,0,0,0,0,0,0,0,0,0,0,0,0,1,52.253
rnktpyd6ech7t9az85fcdscs,1,5,7,4,8,6,10,0.4555555555555555,40.0,0.8974358974358975,0.78,0.2266666666666666,5.005535,0.4804175,0.9836995,-0.3437443865483428,1,2,1,1,1,1,0,0,21.23,1,0,0,0,1,0,0,0,1,1,1,1,0,0,0,111.512,1,1,1,1,1,1,1,1,1,1,1,1,3,50.342,4,3,3,10.578,0,0,1,1,1,1,0,0,1,0,0,1,0,0,3,57.533
ru5ws3pu83q9tqcyqm9i66vg,11,5,3,8,17,14,4,0.3444444444444444,29.0,0.5172413793103449,0.6166666666666667,0.52,6.74079,0.1657405,0.002811465,0.966639783760456,0,0,1,1,1,0,0,0,31.323,1,1,2,2,1,1,2,2,1,1,1,0,1,0,0,164.938,2,2,2,2,2,2,2,2,2,2,2,3,2,120.949,2,1,1,16.525,1,1,1,1,1,1,1,1,1,1,1,1,1,1,2,75.478
rvbvs8wupqk0cepnaw1go9bs,1,0,0,10,12,12,1,0.6333333333333333,53.0,0.9622641509433962,0.2222222222222222,0.2933333333333333,8.145710000000001,0.3280875,0.425157,-0.1288685148049538,0,0,0,0,0,0,0,0,17.906,0,0,0,0,0,0,1,0,0,0,0,0,0,0,0,105.207,3,3,3,1,1,1,1,2,2,2,1,2,3,46.705,1,0,0,7.928,1,0,1,1,1,1,1,1,1,1,1,0,1,1,2,49.21
rxk216v2u00knpik4144b379,2,0,0,12,15,6,0,0.4666666666666667,38.0,0.6756756756756757,0.8076923076923077,0.28,4.64235,0.203073,0.6807185,-0.5404504342936088,0,0,0,0,0,0,0,0,13.064,0,0,0,0,0,0,1,1,0,0,0,0,0,0,0,67.388,3,3,3,3,2,1,2,2,2,2,2,2,3,46.077,0,0,0,5.193,1,0,0,1,0,0,1,1,0,0,0,0,1,1,2,78.127
rz9oz1fa9mxw4p8xg1zex3dn,1,6,8,5,18,7,7,0.6777777777777778,53.0,1.0,0.6111111111111112,0.1866666666666666,6.10439,0.7624975,0.7719765,-0.0061773611022408,1,1,2,0,2,1,1,0,30.655,0,0,1,0,1,0,0,0,1,1,1,1,0,1,0,84.215,2,1,1,1,2,1,2,2,3,2,2,4,3,51.742,3,2,2,8.08,1,1,1,0,1,0,0,1,0,0,1,0,1,0,3,45.215
s00v1x1d54te4umlyvvwaic6,1,0,0,7,9,0,3,0.6333333333333333,51.0,0.98,0.6923076923076923,0.24,11.57045,0.3074135,0.5247145,-0.2611389113213351,0,0,0,0,0,0,0,0,12.942,0,0,1,0,0,0,0,0,0,0,0,0,0,0,0,72.593,2,2,1,2,1,1,1,1,1,1,1,2,3,44.303,1,1,1,9.628,0,0,0,0,0,0,0,0,0,0,0,0,0,0,3,38.783
s6dmy269v6v8tq2sxx6ijbsi,6,3,3,8,14,11,6,0.6333333333333333,55.0,1.0,1.0,0.16,10.7053,0.7797305000000001,0.982199,-0.1149129406142526,1,0,0,0,1,1,0,0,36.278,1,0,1,1,1,0,0,1,1,0,1,0,2,0,0,103.055,2,3,2,1,2,1,2,2,2,2,1,2,3,64.574,1,2,3,15.759,0,1,1,0,0,1,0,0,2,0,1,2,2,1,3,48.282
s6skqzwsxbnuallv93zxt728,14,9,13,9,17,18,9,0.3333333333333333,44.0,0.0909090909090909,0.9777777777777776,0.36,0.483359,0.233816,0.215328,0.0411627451329641,0,2,1,3,2,2,3,2,20.656,1,1,3,2,2,2,1,2,0,3,1,2,3,0,3,19.125,3,2,3,1,2,2,2,1,1,4,3,2,2,56.807,3,2,4,17.674,0,1,1,1,3,1,1,0,1,1,2,1,3,2,3,21.127
s8xztpmugvi5i1hiiy0caf1l,1,15,18,4,15,15,12,0.6444444444444445,58.0,1.0,0.53125,0.2666666666666666,9.090795,0.6269155,0.468914,0.1441843826982208,3,3,3,3,2,2,2,0,68.038,0,2,0,0,3,0,1,0,2,2,2,3,0,1,0,233.135,1,1,1,1,1,1,1,2,2,3,2,3,3,80.724,4,4,4,9.832,2,1,1,0,1,1,1,1,0,1,2,1,2,1,3,78.326
scx3y6124yw45ct8lh80lxdm,1,6,1,5,18,14,6,0.4777777777777778,52.0,0.8823529411764706,0.4736842105263158,0.36,2.3104750000000003,0.9651025,0.935712,0.015462055871312,0,0,0,0,0,1,0,0,21.418,0,1,0,1,1,0,0,0,1,1,1,0,0,1,0,61.504,1,2,1,1,2,2,1,2,3,3,2,3,3,47.664,2,2,2,10.53,0,1,1,0,2,2,1,1,0,1,2,1,1,1,3,46.883
se99pdkqoizyh6c8lmlc05n3,0,7,2,9,23,14,5,0.3555555555555555,42.0,1.0,0.4166666666666666,0.2133333333333333,10.79645,0.6543405,0.652142,0.0016827626853019,1,0,0,0,0,0,1,0,39.682,0,1,0,0,1,0,0,0,1,1,1,1,0,1,0,62.449,2,3,2,2,3,2,2,3,3,3,3,4,3,42.792,2,1,2,10.178,1,1,1,1,1,1,1,1,1,1,1,1,1,1,3,49.019
sfcoka8iitssmd15lnc8mb23,2,9,5,5,13,3,10,0.6,50.0,0.8163265306122449,0.85,0.2133333333333333,5.05565,0.2709205,0.970925,-0.5636808282511794,2,1,1,0,0,1,0,0,20.286,0,2,0,0,2,0,1,1,1,1,1,1,0,1,0,66.275,1,1,2,1,1,1,1,2,2,2,2,2,3,47.571,3,4,3,8.162,0,0,0,0,0,1,0,0,0,0,1,1,0,0,3,32.343
siqr7b26o4dl4t1qe59wdsyk,2,15,5,6,19,17,7,0.4111111111111111,37.0,0.7027027027027027,0.9230769230769232,0.3333333333333333,2.2530900000000003,0.4545785,0.944753,-0.3502919072428513,1,1,1,1,0,0,1,0,32.185,0,2,1,0,2,0,0,1,2,2,3,2,0,2,0,135.725,1,3,1,1,2,2,1,3,3,2,2,4,3,106.251,3,2,2,17.209,1,1,2,1,1,1,1,3,1,1,1,1,1,1,2,74.75
swq3fvf9fr79ha3hyl3pseuu,3,12,10,9,20,19,5,0.4444444444444444,40.0,0.4871794871794871,0.92,0.3066666666666666,7.03383,0.1424415,0.8019435,-0.6983401896472308,1,1,2,2,1,1,2,0,38.359,0,1,1,0,2,0,1,0,2,2,1,2,1,2,0,137.056,2,3,2,2,2,2,2,2,3,3,3,3,2,59.683,2,2,1,11.867,1,1,2,2,1,1,1,2,1,1,2,1,1,2,1,78.741
sxgwt55mbktag0euyj5ck394,2,8,21,4,14,14,9,0.7666666666666667,66.0,0.9545454545454546,0.3478260869565217,0.24,7.55988,0.316168,0.651063,-0.3462409703576498,3,3,3,3,3,3,3,0,17.25,0,1,1,0,2,1,0,0,1,1,2,1,0,0,0,76.412,1,1,1,1,1,1,2,2,2,2,2,2,3,20.857,3,3,3,4.604,1,0,0,0,1,2,1,2,1,1,1,1,1,2,3,41.651
szygpouygrmb7vi2zvcsi7kj,1,15,8,5,27,12,12,0.6222222222222222,49.0,0.979591836734694,0.5,0.2,8.52429,0.390544,0.807059,-0.3477905449468647,3,2,3,0,0,0,0,0,23.491,0,2,0,0,2,0,1,0,3,2,2,2,0,2,0,83.292,1,1,2,1,4,2,2,3,4,4,4,4,3,58.923,4,4,4,8.322,0,1,1,3,0,1,0,1,0,0,1,1,1,2,2,65.72
t1yzez4ovd27jbq0hyrpx1lm,6,6,3,8,21,8,1,0.5444444444444444,53.0,0.9056603773584906,1.0,0.24,3.526835,0.833599,0.9806425,-0.0810495736096875,1,0,0,1,0,1,0,0,30.868,1,0,2,0,2,0,2,1,1,0,1,2,0,0,0,111.808,2,3,1,2,3,1,1,2,4,4,4,2,3,83.284,0,0,1,11.366,0,0,0,0,0,2,1,1,3,0,0,0,1,0,3,61.778
t76x8ndbtxbx72lsb8ngqv1z,5,6,3,10,15,9,3,0.6222222222222222,54.0,1.0,0.5833333333333333,0.2,10.2615,0.7870835,0.978436,-0.1083831132989468,0,0,0,1,1,1,0,0,20.66,1,1,1,1,1,1,1,0,1,1,1,1,0,0,0,66.386,3,3,2,2,2,2,1,2,2,2,2,2,3,49.359,1,1,1,8.623,1,0,1,0,0,1,0,0,1,1,1,1,1,1,3,42.625
t9d9ki02qf20po7hnalni8bs,6,0,0,8,8,1,2,0.7333333333333333,59.0,1.0,0.3548387096774194,0.2133333333333333,8.293285000000001,0.8591264999999999,0.2922845,0.4923020537410185,0,0,0,0,0,0,0,0,17.333,1,0,0,1,0,0,1,2,0,0,0,0,1,0,0,85.254,2,2,2,2,1,1,1,1,1,1,1,1,3,29.528,1,1,0,8.682,0,0,0,0,0,0,0,0,0,0,0,1,0,0,3,44.89
tblx1m7ct4qr442pn677n41o,3,15,14,4,16,15,12,0.5555555555555556,50.0,1.0,0.8,0.2266666666666666,10.27785,0.7953669999999999,0.9500455,-0.0886200253521732,2,2,3,2,1,2,2,0,22.035,0,2,0,1,3,0,0,0,2,2,2,2,2,2,0,67.141,1,1,1,1,2,2,1,2,2,2,2,3,3,35.944,4,4,4,7.0,1,1,1,1,1,1,1,1,2,1,1,1,1,1,2,32.428
tcbpf1kmvs92g8t2x5iowvqs,7,11,4,12,22,21,5,0.3444444444444444,43.0,0.3095238095238095,0.7234042553191489,0.3866666666666666,2.29989,0.0571898,0.3860575,-0.7419508251939718,2,0,1,0,1,0,0,1,36.273,1,2,1,1,2,1,1,0,2,1,1,2,2,1,0,18.187,2,3,3,4,3,2,3,3,2,2,3,4,0,16.751,2,2,1,5.446,1,2,2,2,1,2,2,1,1,2,1,2,1,1,3,53.648
tgt0ui62axqihws96b9rp7q7,6,6,7,6,17,6,6,0.6222222222222222,53.0,0.981132075471698,0.8055555555555556,0.28,7.53601,0.7381965,0.9042705,-0.1011125337678017,1,2,1,0,1,1,1,0,32.14,1,0,2,2,1,0,0,1,2,1,0,1,0,1,0,127.078,1,2,2,1,2,1,3,2,3,1,2,3,3,64.069,2,2,2,10.63,0,0,1,0,0,0,1,0,0,0,0,0,2,2,3,59.409
th2b9q0wuq3762odsxe9y0kh,0,2,1,6,17,0,4,0.7888888888888889,63.0,1.0,0.4444444444444444,0.1866666666666666,8.318275,0.7483905,0.6059675,0.1051590495275252,0,0,0,0,0,0,1,0,33.345,0,1,0,0,0,0,0,0,1,0,0,0,0,0,0,52.907,1,2,2,1,2,1,1,2,3,2,3,3,3,31.776,2,1,1,6.213,0,0,0,0,0,0,0,0,0,0,0,0,0,0,3,57.879
tlw8dxp34gf5zt4nfb7yftnf,3,7,1,4,15,3,8,0.6111111111111112,53.0,0.9433962264150944,0.9444444444444444,0.2133333333333333,10.22965,0.22573,0.9593355,-0.6190421542100416,0,0,0,1,0,0,0,0,23.456,1,1,0,1,1,0,1,0,1,1,1,1,0,1,0,100.197,1,1,1,1,2,1,1,2,2,2,2,3,3,45.781,2,2,4,19.502,1,0,0,0,1,0,0,0,1,0,0,0,0,0,3,50.346
tmm6coys6dyyzbvl87at5f2z,6,2,1,9,8,3,3,0.5444444444444444,46.0,1.0,0.9090909090909092,0.2533333333333333,10.7889,0.790197,0.9846305,-0.1095506464712767,0,0,0,0,1,0,0,0,35.563,0,0,1,0,0,1,1,1,1,0,1,0,2,0,0,97.027,2,3,2,2,1,1,1,1,1,1,1,1,3,56.405,1,1,1,14.006,0,0,0,0,0,1,0,0,0,1,1,0,0,0,3,44.865
toz6nvp14zs7mfg4bwsaebd6,0,0,5,10,19,0,1,0.4777777777777778,38.0,0.8157894736842105,0.9215686274509804,0.2933333333333333,7.996625,0.124061,0.973039,-0.7738383009752986,1,0,1,1,1,0,1,0,37.77,0,0,0,0,0,0,0,0,0,0,0,0,0,0,0,60.61,2,2,2,4,2,4,2,1,4,1,1,4,3,58.187,1,0,0,17.5,0,0,0,0,0,0,0,0,0,0,0,0,0,0,3,55.234
tsid1av4r8o3dobjmikdnw6x,0,7,8,4,26,8,9,0.5777777777777777,48.0,0.8936170212765957,0.7142857142857143,0.28,3.205755,0.791201,0.846266,-0.0336281586132727,2,1,1,2,0,1,1,0,25.419,0,1,0,0,1,0,0,0,1,1,1,1,0,1,0,63.075,1,1,1,1,3,2,2,4,4,3,4,4,3,39.744,3,3,3,6.89,1,1,1,0,0,0,2,0,1,0,0,0,2,0,3,46.582
tw1nzqjjixjzlwy9kc1t7qdu,4,5,4,9,28,19,6,0.6333333333333333,51.0,0.96,0.6666666666666667,0.2533333333333333,3.864725,0.845951,0.7869875,0.0361088307979755,1,1,0,1,0,1,0,0,18.577,0,0,2,1,0,0,0,0,2,1,1,1,1,0,0,61.838,2,1,3,3,3,4,2,4,4,4,4,3,3,52.473,2,2,2,10.211,1,1,1,1,1,2,2,0,1,1,1,2,3,2,3,43.765
u3985tl25civw7cwkponfq3v,0,0,0,10,18,14,0,0.6888888888888889,55.0,1.0,0.6571428571428571,0.1733333333333333,5.82496,0.936765,0.7204305,0.1305425340582931,0,0,0,0,0,0,0,0,20.881,0,0,0,0,0,0,0,0,0,0,0,0,0,0,0,29.094,2,2,3,3,3,3,2,2,2,2,2,2,2,20.892,0,0,0,3.836,1,1,1,1,1,1,1,1,1,1,1,1,1,1,2,22.161
u4hewdfbi95vkie80f4arixr,3,18,12,8,25,15,6,0.6111111111111112,50.0,1.0,0.5,0.28,11.10685,0.680936,0.93524,-0.1573491995921236,2,3,3,2,0,2,0,3,69.676,0,2,0,1,3,0,0,0,3,3,2,3,2,2,0,131.921,2,3,2,1,3,3,4,3,3,3,3,3,3,60.772,1,2,3,13.852,1,1,2,1,2,1,2,1,1,0,2,0,0,1,3,61.743
u4llbg249clqj7gecwc19dj2,10,12,13,8,21,17,8,0.4444444444444444,31.0,0.7096774193548387,0.6379310344827587,0.2533333333333333,4.589345,0.166424,0.9448625,-0.7004840785881948,3,0,2,2,2,2,2,3,9.19,1,1,2,1,2,1,2,1,3,1,1,2,2,2,3,17.988,2,2,3,1,2,2,1,3,3,4,3,3,3,17.455,3,3,2,3.185,1,1,1,1,2,1,1,2,2,1,1,0,1,2,1,12.476
u5gp53g7omv2ivz6ce9napx8,0,0,0,8,20,14,5,0.5333333333333333,54.0,0.9433962264150944,0.8333333333333334,0.3333333333333333,4.311109999999999,0.4870005,0.9268545,-0.311102623677817,0,0,0,0,0,0,0,0,86.787,0,0,0,0,0,0,0,0,0,0,0,0,0,0,0,254.189,3,2,1,2,2,2,2,2,3,3,3,3,3,78.249,1,2,2,34.639,1,1,1,2,1,1,1,1,0,1,0,1,1,2,3,84.403
u8ugvmr32frcnzlceuo67kt0,9,5,3,7,14,13,2,0.6666666666666666,58.0,0.9824561403508772,0.8125,0.2,4.565245,0.718116,0.978733,-0.1535887990033291,1,0,1,0,0,0,1,0,91.05,1,1,2,1,1,1,1,2,1,1,0,1,1,0,0,313.398,1,2,2,2,1,1,2,2,2,2,2,2,2,160.887,1,0,1,43.972,1,0,1,0,1,1,1,1,2,1,1,1,1,1,2,117.338
uabqljbqhtguwieaax9i9jbi,1,0,0,8,15,1,0,0.5444444444444444,48.0,0.9166666666666666,0.7804878048780488,0.24,3.687725,0.6129975,0.9441975,-0.2126901255141456,0,0,0,0,0,0,0,0,18.955,0,0,0,0,0,0,1,0,0,0,0,0,0,0,0,85.913,2,2,2,2,2,1,2,2,2,2,2,2,3,80.571,0,0,0,12.455,0,1,0,0,0,0,0,0,0,0,0,0,0,0,3,79.883
ucftdalpyct4hvytx6pvkp3n,12,21,13,5,12,8,12,0.5444444444444444,51.0,0.9019607843137256,0.8157894736842105,0.3466666666666667,4.30215,0.476916,0.8774255,-0.2957226814654944,2,2,2,2,2,3,0,0,25.374,2,3,3,2,3,3,0,1,3,3,3,3,1,3,0,218.331,1,2,1,1,1,1,1,1,2,3,1,2,3,67.497,4,4,4,17.793,0,2,0,1,0,1,2,0,0,0,1,0,1,0,0,69.106
ufzhw64z1nwocsg8k80i3y5r,14,0,0,13,8,0,1,0.5555555555555556,50.0,0.82,0.9230769230769232,0.1866666666666666,2.9413850000000004,0.740954,0.908228,-0.1014284657484741,0,0,0,0,0,0,0,0,11.558,2,0,3,0,0,2,3,3,0,0,0,0,1,0,0,50.345,4,4,2,3,1,1,1,1,1,1,1,1,3,41.017,0,0,1,7.411,0,0,0,0,0,0,0,0,0,0,0,0,0,0,3,22.613
ulg8tc0zx06x1i6z1sgm5t4z,3,6,6,6,18,8,10,0.5888888888888889,42.0,1.0,0.5833333333333333,0.24,13.51915,0.5305145,0.788332,-0.1954871169616782,1,1,2,0,0,2,0,0,42.335,1,1,0,1,1,0,0,0,1,1,1,1,1,0,0,137.861,2,1,2,1,2,2,1,1,3,3,3,3,3,71.752,4,3,3,10.232,1,0,1,0,1,0,1,1,0,0,1,0,1,1,3,69.795
us4jynu3a76tfb7zh5erygr0,12,10,10,8,13,10,5,0.4,38.0,0.2631578947368421,0.9803921568627452,0.2933333333333333,3.339705,0.04003285,0.607996,-0.8764473217511843,1,2,2,1,1,2,1,1,28.624,2,2,2,2,1,1,1,2,1,1,1,2,2,2,1,35.85,2,2,2,2,1,1,2,2,2,2,2,1,3,30.208,1,2,2,15.073,1,1,0,0,1,0,1,1,1,0,1,1,1,1,3,34.082
usdq8rqhfvf4hnru7h6e1v0e,4,1,3,11,19,6,3,0.5777777777777777,48.0,0.8125,0.8780487804878049,0.2666666666666666,4.51971,0.559326,0.8181155,-0.1878769443203214,1,1,0,1,0,0,0,0,16.309,0,0,2,0,1,1,1,0,0,0,0,0,0,0,0,86.285,3,3,2,3,2,2,2,2,4,2,1,4,3,66.791,2,1,0,8.238,0,0,0,0,0,1,1,1,0,0,1,1,0,1,3,52.326
uuh7v8p7kao4kesi6uu6tvw9,3,4,3,10,16,10,1,0.3666666666666666,36.0,1.0,0.3018867924528302,0.3866666666666666,5.246605000000001,0.6541035,0.604035,0.0397956981683653,1,0,0,0,1,1,0,0,39.898,0,0,0,0,1,0,1,1,1,0,1,0,1,1,0,106.774,2,3,3,2,2,1,2,2,2,3,2,2,3,55.83,1,0,0,12.581,1,0,0,0,1,0,1,1,1,1,1,0,1,2,3,60.205
uukqsvy7zzeqfqovqzd1pa64,5,5,3,4,13,0,2,0.6333333333333333,47.0,0.9574468085106383,1.0,0.2,7.53505,0.399548,0.967672,-0.4155322479191352,1,0,0,0,0,1,1,0,33.588,1,0,2,1,1,0,0,1,1,1,1,1,0,0,0,82.397,1,1,1,1,1,1,1,2,1,2,2,3,3,36.304,1,1,0,11.064,0,0,0,0,0,0,0,0,0,0,0,0,0,0,3,26.955
uy4dfkzf724ww53jtl7euz3e,8,8,7,4,14,6,7,0.4555555555555555,38.0,0.7368421052631579,0.7254901960784313,0.3066666666666666,11.8911,0.0508322,0.794805,-0.8797777581213315,1,1,2,1,0,2,0,0,34.596,1,1,1,1,2,1,1,1,1,2,1,1,2,0,0,110.326,1,1,1,1,2,2,1,2,2,2,1,2,3,67.695,2,3,2,9.051,1,0,1,0,0,0,1,1,0,0,1,0,0,1,3,58.897
v2h8o96cg4bhv88n2a134lzf,0,0,0,7,16,9,2,0.6222222222222222,50.0,1.0,0.4,0.1733333333333333,11.94495,0.875769,0.803113,0.0432764184737224,0,0,0,0,0,0,0,0,48.029,0,0,0,0,0,0,0,0,0,0,0,0,0,0,0,159.109,2,2,2,1,2,1,2,2,2,2,2,3,3,59.645,1,1,0,28.007,1,1,1,0,1,0,0,1,1,1,1,0,1,0,3,56.513
v9ausuant19jns40jd4luox9,4,0,0,9,18,1,5,0.5888888888888889,50.0,0.7346938775510204,0.85,0.2133333333333333,2.191845,0.724291,0.9075705,-0.112313146673293,0,0,0,0,0,0,0,0,70.966,1,0,1,1,0,0,1,0,0,0,0,0,0,0,0,204.474,3,2,2,2,1,1,2,2,3,3,3,3,3,91.405,2,2,1,21.647,0,0,0,0,0,0,0,0,0,1,0,0,0,0,2,70.035
vagifv6u15xfnf6u3kh9vq6r,2,0,1,10,18,17,2,0.5555555555555556,46.0,0.9782608695652174,0.6976744186046512,0.3066666666666666,3.967125,0.885713,0.9393725,-0.0294010883325739,0,0,0,0,0,1,0,0,55.003,1,0,0,1,0,0,0,0,0,0,0,0,0,0,0,138.719,2,3,3,2,2,2,1,2,3,3,2,3,3,76.893,1,1,0,144.404,0,1,1,1,1,2,1,2,1,1,1,1,2,2,3,115.046
vh8uyrnltv4hh60dzg5r3n1i,4,0,0,8,15,0,0,0.3777777777777777,44.0,1.0,0.217391304347826,0.32,5.931505,0.965518,0.470556,0.3446632972952647,0,0,0,0,0,0,0,0,11.298,1,0,1,1,0,1,0,0,0,0,0,0,0,0,0,58.17,2,2,2,2,2,2,1,2,2,2,2,2,3,29.829,0,0,0,5.933,0,0,0,0,0,0,0,0,0,0,0,0,0,0,3,36.064
vjt1f5j28jg0m1mme6atp0jt,1,2,1,6,16,7,6,0.3333333333333333,30.0,0.9655172413793104,0.0999999999999999,0.3333333333333333,12.8358,0.102201,0.02105335,0.6583755461774777,1,0,0,0,0,0,0,0,12.713,0,0,0,0,0,1,0,0,1,1,0,0,0,0,0,39.946,1,2,2,1,2,2,2,2,1,2,2,3,3,33.978,2,2,2,6.701,1,1,0,1,0,0,1,0,1,1,0,0,1,0,3,30.869
w1qbxw4ltfgr7ddtsf930nhc,0,1,0,13,20,0,0,0.7888888888888889,79.0,0.6538461538461539,0.6363636363636364,0.1066666666666666,3.08322,0.7800199999999999,0.8097705,-0.0187134719952094,0,0,0,0,0,0,0,0,31.776,0,0,0,0,1,0,0,0,0,0,0,0,0,0,0,64.998,3,4,3,3,2,2,2,2,3,3,3,3,3,36.533,0,0,0,7.156,0,0,0,0,0,0,0,0,0,0,0,0,0,0,3,43.624
w2mr1qy43bjo0tukpzsj8bem,1,7,12,7,24,16,7,0.5666666666666667,46.0,0.8888888888888888,0.5227272727272727,0.2133333333333333,2.50076,0.7879985,0.6980695,0.0605147274552712,2,2,2,1,1,2,2,0,26.272,0,1,0,0,1,0,1,0,1,1,1,1,0,1,0,108.174,1,2,2,2,3,2,2,2,4,4,4,3,2,53.462,2,3,2,12.826,1,2,1,1,2,1,1,0,1,1,2,1,1,1,2,97.706
w4ascja5gszgs3ox6eh471me,15,16,15,4,14,7,9,0.5222222222222223,44.0,0.7906976744186046,0.9130434782608696,0.2533333333333333,2.82227,0.4092785,0.9099415,-0.3795144100301693,3,2,3,1,1,3,2,2,20.691,3,2,2,3,3,1,3,2,3,2,1,2,1,3,2,57.375,1,1,1,1,2,2,2,1,2,2,2,1,2,93.186,3,4,2,23.772,1,0,1,1,1,0,1,1,0,1,0,0,0,0,2,44.747
w8rp7rwwb638sy4r2hha3hud,0,0,2,8,10,14,0,0.6777777777777778,57.0,0.9824561403508772,0.5625,0.28,5.36786,0.9099135,0.9629285,-0.0283072464201464,1,0,0,1,0,0,0,0,29.666,0,0,0,0,0,0,0,0,0,0,0,0,0,0,0,157.617,2,2,2,2,1,1,1,1,2,1,1,2,3,86.278,0,0,0,10.343,1,1,1,1,1,1,1,1,1,1,1,1,1,1,2,83.094
waigs5rf1gkl2y4f6yt2la5q,3,0,1,7,11,6,0,0.7,56.0,1.0,0.4411764705882353,0.2266666666666666,7.607979999999999,0.6384274999999999,0.521342,0.1009558364830252,0,0,0,0,0,1,0,0,25.706,0,0,1,0,0,0,1,1,0,0,0,0,0,0,0,104.445,1,2,3,1,1,1,1,1,2,1,2,2,3,49.042,0,0,0,6.883,0,0,0,0,0,1,1,0,1,0,1,1,1,0,3,56.394
wbmh5irelure1ly1hmnbdml3,2,5,8,7,16,14,6,0.6666666666666666,60.0,0.864406779661017,0.7,0.24,3.777015,0.445515,0.7653445000000001,-0.2641342781718275,2,2,2,1,0,1,0,0,34.885,0,0,0,1,1,0,1,0,1,1,1,0,0,1,0,140.447,2,2,2,1,1,1,1,2,2,3,3,3,3,51.048,2,2,2,7.757,1,1,1,1,1,1,1,1,1,1,1,1,1,1,3,194.673
wdioev3k4jeqerrhvrwol0tb,12,18,11,11,14,5,1,0.5333333333333333,48.0,0.8723404255319149,0.8571428571428572,0.2666666666666666,3.47153,0.592511,0.917351,-0.2151454901176399,1,1,3,2,0,2,2,0,34.505,1,2,1,1,2,2,3,2,3,2,3,3,2,3,0,152.019,3,4,2,2,1,1,1,1,3,3,2,2,3,118.703,0,0,1,10.831,1,1,0,0,0,0,0,0,2,0,1,0,0,0,2,75.526
wdsdynq3ht0uipzelqp7g0xd,13,16,15,8,14,12,10,0.2555555555555555,31.0,0.3225806451612903,0.6206896551724138,0.4266666666666667,-1.77936,0.6625635,0.02270255,0.9337409171226272,2,3,2,2,3,2,1,2,77.78,2,2,2,1,3,1,3,2,2,2,2,2,2,3,2,36.596,3,1,2,2,2,2,1,2,2,2,2,1,1,56.841,3,3,4,16.645,1,0,0,2,1,1,1,2,0,1,1,1,0,1,2,42.641
wff878hbkprp629llodp0m48,8,0,0,13,13,3,0,0.6111111111111112,44.0,0.8372093023255814,0.5652173913043479,0.2266666666666666,3.630415,0.4965755,0.6869700000000001,-0.1608679176254736,0,0,0,0,0,0,0,0,32.963,0,0,2,1,0,1,1,1,0,0,0,0,2,0,0,195.42,3,4,3,3,2,1,2,1,2,1,1,3,2,163.476,0,0,0,7.562,1,0,0,0,0,0,0,0,1,0,0,0,0,1,3,87.448
wjo05xz5faw7ef8m6bu18ev5,2,0,2,11,19,10,2,0.6888888888888889,58.0,1.0,0.935483870967742,0.16,10.5791,0.7727655,0.9901625,-0.1233158699617908,0,0,1,0,0,1,0,0,26.728,0,0,0,0,0,1,1,0,0,0,0,0,0,0,0,141.585,3,2,2,4,2,2,2,2,3,3,2,3,3,50.779,1,0,1,10.047,1,0,0,0,1,1,1,1,1,1,1,0,1,1,2,46.747
wlj16w5ezr0c3vxwa8kpkei4,8,7,7,7,12,10,7,0.5222222222222223,41.0,0.975,0.4285714285714286,0.2266666666666666,4.77489,0.8557135,0.9579,-0.0563441438873276,1,1,1,1,1,2,0,0,21.641,0,1,2,2,1,1,1,1,1,1,1,1,1,1,0,101.907,1,2,3,1,2,1,1,2,1,2,1,2,3,52.629,2,3,2,8.292,0,1,1,0,0,2,1,0,1,0,2,1,1,0,3,45.654
wqv0k771mdewidtut1vlckwa,1,7,7,5,10,4,5,0.6,53.0,0.8653846153846154,0.6486486486486487,0.1733333333333333,2.934525,0.916613,0.918343,-0.0009428018982471,1,1,1,2,0,2,0,0,30.853,0,1,0,0,1,0,1,0,1,1,1,1,0,1,0,151.82,2,1,1,1,1,1,1,1,2,1,1,2,2,68.016,1,2,2,12.32,0,0,0,1,0,1,0,1,0,1,0,0,0,0,3,54.609
wxiwvk4ltgldotcyc6r0r4u2,2,11,5,4,20,10,8,0.6,48.0,0.9787234042553192,0.7380952380952381,0.24,8.478425000000001,0.5349029999999999,0.9803795,-0.293989074644497,1,0,1,1,0,1,1,0,26.063,0,1,1,0,3,0,0,1,1,2,3,1,0,0,0,129.856,1,1,1,1,2,2,2,2,3,3,2,4,3,67.544,3,3,2,13.441,1,1,1,0,1,0,2,1,1,0,0,0,1,1,3,62.978
x0141yy1fat9j4de4yerqoeh,1,10,6,6,17,2,6,0.6222222222222222,45.0,0.9318181818181818,0.6444444444444444,0.1466666666666666,8.77095,0.23046,0.976635,-0.6181576429361401,1,1,1,1,1,1,0,0,28.498,0,1,1,0,1,0,0,0,2,2,1,2,0,1,0,82.136,2,2,1,1,1,2,2,2,3,2,1,4,3,58.49,2,2,2,9.14,0,0,0,0,1,0,0,0,0,0,1,0,0,0,3,146.902
x0tr8sfr0g0hf2wcinx2sltl,2,6,0,5,13,9,4,0.5777777777777777,48.0,0.9574468085106383,0.8095238095238095,0.2266666666666666,3.7116,0.855558,0.9698625,-0.0626181748260195,0,0,0,0,0,0,0,0,25.348,0,0,0,0,2,0,1,1,1,1,1,1,0,0,0,99.099,1,1,2,1,2,1,1,2,2,2,1,2,3,55.504,1,2,1,13.034,0,1,0,1,0,0,1,1,1,1,0,1,1,1,2,57.026
x12oo9pn58e61fflukvug2mr,3,0,0,11,9,12,0,0.6777777777777778,55.0,1.0,0.2941176470588235,0.2933333333333333,10.1391,0.826198,0.9839475,-0.0871474143929313,0,0,0,0,0,0,0,0,8.445,0,0,1,0,0,0,1,1,0,0,0,0,0,0,0,38.487,3,2,3,3,1,1,1,1,1,1,1,2,3,23.703,0,0,0,169.507,1,1,1,1,0,1,1,1,1,1,1,1,0,1,2,30.379
x3lheipk8oq00fhkkfjrw6p1,2,1,5,8,11,9,2,0.6777777777777778,52.0,1.0,0.2368421052631578,0.24,10.10405,0.8791629999999999,0.5632755,0.2189954719040013,1,0,1,1,0,2,0,0,27.293,0,0,1,0,1,0,1,0,0,0,0,0,0,0,0,78.566,2,2,2,2,1,1,1,1,2,1,2,2,3,43.997,1,1,0,9.675,0,1,1,0,0,1,1,0,1,1,1,1,1,0,3,60.582
x9xony0cxtk8q4m0egvrv3p7,6,8,8,5,18,8,6,0.6111111111111112,53.0,0.8846153846153846,0.8648648648648649,0.2,3.658105,0.737783,0.9655715,-0.133729355809375,1,1,2,1,0,2,1,0,33.741,1,0,1,1,2,0,1,1,1,1,2,2,1,0,1,145.618,2,1,1,1,1,2,1,3,3,2,3,3,3,108.063,2,2,2,11.508,0,1,1,0,0,1,1,1,1,0,0,0,1,1,3,75.869
xd78fudntrmkohbpq9cgjdik,2,16,10,7,17,16,9,0.7222222222222222,55.0,1.0,0.3142857142857143,0.2133333333333333,6.780435000000001,0.9354615,0.5858410000000001,0.2298165552215945,1,1,1,3,0,3,1,0,34.225,0,0,0,0,3,0,1,0,3,3,3,3,1,1,0,127.056,1,2,2,2,1,1,1,2,3,3,3,3,3,60.61,2,4,3,16.805,1,1,1,1,1,1,1,3,0,2,2,0,1,1,3,70.434
xe6oqx37xdawxlzrgixjkrxn,0,0,0,16,27,2,0,0.7333333333333333,63.0,0.9838709677419356,0.7037037037037037,0.1466666666666666,6.589684999999999,0.8410044999999999,0.9880255,-0.0803819510888285,0,0,0,0,0,0,0,0,31.512,0,0,0,0,0,0,0,0,0,0,0,0,0,0,0,49.76,4,4,4,4,3,2,3,4,4,4,3,4,3,44.939,0,0,0,6.299,0,0,0,0,0,0,0,1,0,0,0,0,0,1,3,54.634
xfte2nnmwo5forvvnhf147te,0,0,0,15,15,0,0,0.5777777777777777,46.0,0.9347826086956522,0.6976744186046512,0.2666666666666666,9.359625,0.245412,0.6622144999999999,-0.4592224885456738,0,0,0,0,0,0,0,0,32.984,0,0,0,0,0,0,0,0,0,0,0,0,0,0,0,74.834,4,4,4,3,1,1,1,1,2,2,4,3,3,15.831,0,0,0,5.976,0,0,0,0,0,0,0,0,0,0,0,0,0,0,3,24.128
xlvutciogdrl2r9g45gz7ldl,2,17,11,4,21,15,8,0.3777777777777777,43.0,0.9534883720930232,0.3043478260869565,0.52,6.881045,0.8082775,0.148449,0.6896730674858488,2,3,2,2,0,0,2,0,24.198,0,2,0,0,3,0,2,0,3,3,2,3,0,1,0,90.615,1,1,1,1,3,2,2,3,2,4,3,2,3,50.159,2,3,3,13.868,3,2,1,1,1,0,0,3,0,1,2,0,0,1,3,66.006
xmcftp4w2e52rl9zsgzpyrxh,3,11,11,6,14,10,8,0.7444444444444445,61.0,0.9833333333333332,0.896551724137931,0.1466666666666666,8.426515,0.57985,0.939411,-0.236668353890477,2,2,2,1,1,2,1,0,34.121,0,1,1,1,2,0,0,0,2,3,1,1,1,1,0,151.123,2,1,2,1,1,1,1,2,2,3,2,2,3,105.147,3,2,3,7.762,1,1,1,1,0,1,1,0,1,1,0,0,1,1,3,85.322
xod95zhzmdzosg5eoygdfe35,1,6,6,5,19,16,7,0.5333333333333333,43.0,0.9285714285714286,0.9361702127659576,0.2533333333333333,4.398225,0.779574,0.91846,-0.0817922373756945,1,0,1,1,0,2,1,0,32.956,0,0,0,0,2,0,0,1,1,1,1,1,0,0,0,123.885,1,1,2,1,1,1,1,2,4,3,4,3,3,67.435,3,2,2,12.98,1,2,1,2,1,1,2,1,2,0,1,1,0,1,3,88.231
xpy7msfhii19kauw617rabm7,1,5,0,8,15,11,3,0.7111111111111111,64.0,0.984126984126984,0.5384615384615384,0.1333333333333333,6.09754,0.744821,0.6926905000000001,0.0362644055369295,0,0,0,0,0,0,0,0,13.284,0,1,0,1,1,0,0,0,1,1,1,0,0,0,0,69.538,2,2,2,2,2,2,1,2,2,2,2,2,3,42.907,1,1,1,11.396,0,1,1,0,1,1,1,1,1,0,1,1,1,1,3,41.076
xuoje6vh4hw7rm08jc79muav,1,4,5,11,18,12,8,0.6,52.0,0.8627450980392157,0.8157894736842105,0.28,3.23523,0.7835179999999999,0.6183825000000001,0.1177940231849549,1,0,2,1,0,0,1,0,42.796,0,1,1,0,0,0,0,0,1,0,1,1,0,0,0,120.506,2,3,3,3,1,1,1,3,3,3,3,3,3,72.063,3,3,2,11.313,0,1,1,0,0,2,1,2,0,0,1,2,1,1,0,62.888
xus1hcgd5jscu5yugxpbjjus,8,5,9,6,18,9,6,0.4888888888888889,45.0,1.0,0.7333333333333334,0.1866666666666666,10.5658,0.7857305,0.9938375,-0.1169424264765381,1,1,1,1,1,2,2,0,30.694,1,0,1,1,1,1,1,1,1,2,1,0,2,0,0,230.06,1,2,2,1,1,1,1,3,3,3,3,3,3,70.816,2,3,1,21.083,0,1,1,0,0,1,1,2,1,0,0,1,1,0,3,103.48
xvpdzry1jqz4fq3gom48b9c6,6,11,4,8,17,0,12,0.6111111111111112,76.0,0.4533333333333333,0.7142857142857143,0.1866666666666666,1.111915,0.6678854999999999,0.1515575,0.6300962971188966,0,0,1,1,1,1,0,0,30.179,1,2,1,1,2,1,1,0,2,2,1,2,1,0,0,114.445,1,4,2,1,1,1,1,1,3,3,3,4,3,56.648,4,4,4,8.329,0,0,0,0,0,0,0,0,0,0,0,0,0,0,3,57.197
y0m7gu1o0uy9u4nmziwujofk,12,5,3,7,13,8,3,0.5666666666666667,53.0,1.0,0.4594594594594594,0.2,10.6302,0.7801665,0.997236,-0.1221273740753712,1,1,0,0,1,0,0,1,19.59,1,1,1,1,1,2,3,3,0,0,0,1,1,2,0,184.392,2,2,1,2,2,2,1,2,1,2,1,2,2,103.216,2,1,0,27.892,0,1,1,1,1,0,0,1,0,0,1,1,0,1,2,30.537
y20qesh4on6pf8bl4d8xnfxw,3,7,10,7,23,10,7,0.5555555555555556,48.0,0.9791666666666666,0.4390243902439024,0.4133333333333333,8.30753,0.309524,0.3690275,-0.0876919437949809,2,1,3,1,0,1,2,0,44.924,0,1,1,0,1,0,1,1,1,1,1,1,0,1,0,149.164,1,3,1,2,3,1,2,3,4,4,3,3,3,84.164,3,2,2,7.973,1,1,1,0,1,0,1,1,1,1,0,0,1,1,3,83.97
y3o44ojrgzutttr3noil3v6m,8,2,16,7,10,2,3,0.5666666666666667,54.0,1.0,0.6571428571428571,0.3066666666666666,11.8434,0.784206,0.9958135,-0.1188793156479466,2,3,2,3,2,1,3,0,27.218,1,0,1,1,0,2,1,1,1,0,1,0,1,0,0,105.82,2,2,2,1,1,3,1,1,1,1,1,1,3,46.752,1,1,1,16.461,0,0,0,0,0,0,0,1,0,0,0,0,0,1,3,54.448
y8t2sd3dutbsp5rki7byp72x,4,7,7,7,20,8,6,0.5555555555555556,49.0,0.7708333333333334,0.902439024390244,0.2133333333333333,3.27788,0.3024624999999999,0.9425775,-0.5141320760778771,1,1,1,1,1,1,1,0,25.012,1,1,0,1,1,1,0,0,1,1,1,1,1,1,1,83.556,1,2,2,2,2,1,2,2,3,4,3,3,3,65.607,2,2,2,7.59,1,0,0,1,0,1,1,1,0,0,0,1,1,1,2,46.658
ycz8oq9t09kjdd31e6iws4zh,8,11,11,9,15,10,9,0.4,43.0,0.7619047619047619,0.7659574468085106,0.2533333333333333,2.19429,0.454321,0.858472,-0.3078558462758409,1,2,2,2,1,2,1,0,20.598,1,2,2,1,1,1,1,1,1,2,2,2,1,1,1,36.165,2,3,2,2,2,1,2,2,2,2,2,2,3,31.676,3,3,3,7.487,1,1,1,1,0,1,1,1,0,0,1,1,0,1,3,35.307
yfnacg4i0v7jifyfakxjbd1q,3,5,2,8,18,14,6,0.3444444444444444,36.0,0.0,0.9814814814814816,0.32,0.208093,0.1928969999999999,0.259065,-0.1464016886375403,0,0,1,0,0,1,0,0,58.126,0,1,1,0,1,0,1,0,1,1,1,0,1,0,0,181.933,2,2,3,1,2,2,1,2,3,2,3,3,3,139.597,2,2,2,12.813,2,1,0,1,1,1,0,1,2,0,2,1,1,1,3,77.845
yjylqgzycho9i25v2kjx1lo0,2,9,14,6,19,18,6,0.6333333333333333,57.0,0.9642857142857144,0.2727272727272727,0.2533333333333333,12.9793,0.2403255,0.275209,-0.0676647246692511,3,2,2,3,1,1,2,0,36.246,0,1,1,0,1,0,0,0,1,2,1,2,1,1,0,141.515,2,1,2,1,2,1,2,2,3,3,2,4,3,72.972,2,2,2,19.718,1,1,1,2,1,1,2,1,2,1,2,1,1,1,3,65.917
ym6mi7m98bwg02h1q56c9brf,0,5,3,7,19,1,4,0.5,45.0,0.9772727272727272,0.5333333333333333,0.4266666666666667,5.65359,0.892112,0.458761,0.3207932944103554,1,0,1,1,0,0,0,0,37.043,0,1,0,0,0,0,0,0,1,1,1,1,0,0,0,132.907,2,2,2,1,2,2,2,3,3,2,3,2,3,62.164,2,0,2,11.073,0,1,0,0,0,0,0,0,0,0,0,0,0,0,3,69.848
ypz0pdffitn3le2tum2n6vhx,11,1,1,8,12,6,3,0.4,45.0,0.4444444444444444,0.7045454545454546,0.4,2.180235,0.4974695,0.400862,0.1075410357980322,0,0,1,0,0,0,0,0,19.836,1,0,1,1,1,1,2,2,0,0,0,0,3,0,0,99.124,1,3,2,2,1,1,1,1,2,2,2,2,3,56.515,1,1,1,7.932,0,0,0,0,0,2,0,1,2,0,0,1,0,0,3,55.75
yr5vu6xys2fnolxie1e30c7h,8,1,4,8,18,2,4,0.5222222222222223,43.0,1.0,0.2978723404255319,0.28,9.59859,0.709497,0.436064,0.2386891662687539,1,0,1,1,0,1,0,0,22.787,1,0,1,1,0,1,1,1,1,0,0,0,2,0,0,62.289,2,2,2,2,2,2,1,2,2,3,3,3,3,34.276,2,1,1,16.569,0,0,0,0,0,0,0,0,0,0,0,0,1,1,3,41.845
yrfvdu0d1fl5g8994ej278vz,6,5,16,8,18,13,8,0.6777777777777778,55.0,0.8518518518518519,0.7142857142857143,0.2266666666666666,5.900415000000001,0.2860465,0.76747,-0.4569681632893267,2,2,3,3,1,3,2,0,22.645,0,1,1,0,1,0,3,1,0,0,2,1,1,0,0,83.092,2,2,3,1,1,2,2,1,3,2,3,4,3,47.536,3,2,3,6.754,1,1,0,1,2,0,2,1,0,0,2,1,1,1,3,44.051
yy3a6xvbwcgzufjmpng6wb3d,6,4,5,6,16,12,7,0.4777777777777778,45.0,1.0,0.8409090909090909,0.3466666666666667,10.6928,0.774844,0.9765445,-0.1151660525348887,1,0,2,1,0,1,0,0,29.004,0,0,1,2,1,0,1,1,1,1,0,1,1,0,0,99.834,1,2,2,1,1,2,1,2,3,2,2,3,3,44.184,2,3,2,13.159,1,1,0,1,0,1,1,2,1,1,1,1,1,0,2,45.44
z2y2avzhhdgfqg8idm03titm,10,14,14,8,16,9,7,0.6,54.0,0.9814814814814816,0.6285714285714286,0.2,8.013355,0.4823015,0.985131,-0.3426593727479799,3,2,3,2,1,2,1,0,41.1,1,1,1,2,2,2,2,1,1,3,3,1,1,3,2,33.068,1,4,1,2,2,1,3,2,2,2,2,2,2,37.532,4,3,0,17.003,1,1,0,1,0,1,1,0,1,0,1,1,1,0,2,37.857
z4quosqgyjnj8vmg4rc84q3i,0,0,2,5,19,2,2,0.5777777777777777,42.0,1.0,0.5833333333333333,0.28,10.70205,0.7657134999999999,0.885323,-0.0724450973676233,0,0,1,0,0,1,0,0,18.908,0,0,0,0,0,0,0,0,0,0,0,0,0,0,0,54.987,1,2,1,1,1,1,1,1,4,4,3,4,3,61.615,1,0,1,6.802,0,0,0,0,0,1,0,1,0,0,0,0,0,0,3,52.127
z8a14walv6et4id5gwsv4s7t,1,4,6,4,13,0,5,0.6,56.0,0.9464285714285714,0.9696969696969696,0.1733333333333333,4.16187,0.932875,0.964128,-0.0164749344096978,1,1,1,1,0,2,0,0,45.76,0,0,0,0,1,0,1,0,0,1,1,1,0,0,0,199.295,1,1,1,1,1,2,1,1,2,2,2,2,3,83.232,2,2,1,15.173,0,0,0,0,0,0,0,0,0,0,0,0,0,0,3,59.151
zakt1hcsgy0eh24ehvvxnf3b,2,3,0,6,17,9,6,0.5111111111111111,43.0,1.0,0.5319148936170213,0.32,4.758465,0.9465875,0.8565754999999999,0.0499189479819628,0,0,0,0,0,0,0,0,14.285,0,0,0,0,1,0,1,0,1,0,1,0,1,0,0,53.749,2,2,1,1,2,2,1,2,3,2,2,3,3,36.068,2,2,2,7.593,0,0,0,1,1,0,1,0,1,1,1,1,1,1,3,30.559
zaz4ydbrsd4x6rstq0t1d95s,12,12,15,9,17,14,7,0.5888888888888889,56.0,0.8181818181818182,0.8529411764705882,0.2133333333333333,2.821885,0.2999575,0.9533045,-0.5213171707113118,3,2,2,2,1,2,3,1,17.847,2,1,1,2,2,2,3,0,1,3,1,2,2,2,2,37.026,2,2,3,2,1,2,2,3,3,1,3,2,2,32.502,2,2,3,18.716,1,2,0,1,1,1,2,1,0,1,1,2,1,0,1,45.586
zhyatjv91vue1ejply55efv6,20,20,13,8,12,2,7,0.3444444444444444,34.0,0.696969696969697,0.4642857142857143,0.4,0.960533,0.2964805,0.3775015,-0.120212409233481,0,3,1,0,3,3,3,1,15.075,3,3,3,2,3,3,3,3,3,3,2,3,3,3,2,22.803,1,1,4,2,1,1,1,1,1,1,4,2,2,16.576,1,2,4,7.192,1,0,1,0,0,0,0,0,0,0,0,0,0,0,1,22.595
zk7jn70yddea3o8731mzpoz6,8,6,10,9,15,13,6,0.4888888888888889,59.0,0.3103448275862069,0.7096774193548387,0.2,-0.4642524999999999,0.5734305,0.1504595,0.5843028636947603,1,2,2,1,1,2,1,0,53.082,1,1,1,1,1,1,2,1,1,1,1,1,1,0,2,166.102,2,3,2,2,2,1,2,2,2,2,1,3,3,92.338,2,2,2,23.391,1,1,1,1,1,1,1,1,0,1,1,1,1,1,2,81.255
zoaj7vekc9hzlt1rxkbt1f5h,8,4,13,4,8,6,4,0.6111111111111112,70.0,0.4492753623188406,0.65,0.16,0.4694215,0.459376,0.1487075,0.5108977632183738,2,2,2,1,2,2,2,0,28.918,1,1,2,0,0,1,2,1,0,1,1,1,1,0,3,153.995,1,1,1,1,1,1,1,1,1,1,1,1,3,45.393,1,2,1,11.41,1,0,0,0,1,1,0,0,1,0,1,1,0,0,3,57.347
zs4sf8n0ws77fp0e0a75jflw,9,8,12,5,15,4,10,0.6777777777777778,53.0,0.9807692307692308,0.3243243243243243,0.2533333333333333,6.558,0.791489,0.6504725,0.0977949133870772,2,2,2,3,2,0,1,0,37.0,0,1,1,3,2,2,0,0,0,2,0,1,3,2,0,154.094,1,1,2,1,1,1,1,1,3,3,2,3,3,71.16,3,4,3,15.034,1,0,0,0,0,0,0,1,0,0,1,0,1,0,3,64.876
zwbaaowabh4qdkku0tqsmyc7,12,13,0,9,21,14,8,0.4666666666666667,45.0,0.7333333333333333,0.7954545454545454,0.2666666666666666,1.392305,0.5255835,0.783706,-0.1971470022481659,0,0,0,0,0,0,0,0,127.424,2,3,1,2,2,2,2,1,2,2,2,1,2,1,2,39.506,2,2,2,3,2,2,2,3,4,2,3,3,2,47.854,4,1,3,17.635,1,1,1,1,1,2,1,0,1,1,2,1,0,1,2,37.668
zwmgj98ty8oq9j77mhqho8gx,13,11,6,11,15,10,4,0.3666666666666666,33.0,0.9090909090909092,0.9642857142857144,0.2933333333333333,3.91969,0.67583,0.9577625,-0.1725843501362794,1,0,0,1,1,1,2,1,27.625,3,2,2,1,1,2,2,1,1,3,1,2,2,1,2,66.034,3,2,3,3,2,2,1,1,2,2,2,3,2,50.953,2,1,1,11.097,1,0,1,0,2,1,1,1,0,1,1,1,0,0,3,54.923
